,,,,,,,,,,,,,,,,,,,,,,,,,,,,,,,,,,,,,,,,,,,,
,Primary Sponsor,Collaborators,Trial Description,Drug Name,Drug Alias,DO,Phase,Drug Platform Technology,Target Antigen,Antigen Strategy,Target Class,Mechanism of Action,Payload,Payload Class,Linker,DAR,Route of Admin,ADC Structural Classification,Trial Design,Number of Arms,Comparator Arm,Combo Therapy Status,Primary Endpoint,Line of Therapy,Trial Geographies,Enrollment Size,Trial Status,Biomarker Strategy,Diagnostic Assay,Companion Diagnostic partner,FPI,Enrollment Completion Date,Primary Completion Date,Projected Readouts,Regulatory Submission Dates,Regulatory Designations,Launch Date,Launch Region,Funding Rounds,Licensing or Commercial Partnerships,Competitors,Efficacy,Durability,Safety
,Mabwell (Shanghai Bioscience),,,7MW-3711,,"Solid, unspecified",II,,,,,,,,,,,,,,,,,,,,,,,,,,,,,,,,,,,,,
,Mabwell (Shanghai Bioscience),,,9MW-2921,,"Solid, unspecified",II,,,,,,,,,,,,,,,,,,,,,,,,,,,,,,,,,,,,,
,AbbVie,,First‑in‑Human Phase I (NCT03639194),ABBV-011,,,,"Monospecific IgG1 ADC, genetically conjugated via stochastic or site-specific linker technology",c‑Met (MET receptor tyrosine kinase),Monospecific ADC,Adizutecan (a topoisomerase I inhibitor),"ntibody binds c‑Met, internalized, releases topoisomerase I inhibitor for cytotoxicity, with possible bystander effects",Adizutecan (a topoisomerase I inhibitor),Single payload ADC,Cleavable (designed to release payload intracellularly; typical for Top1i ADCs),4,IV Q3W,IgG1–calicheamicin ADC,,,,,,,,,,,,,,,,,,,,,,,,,,
,AbbVie,,,ABBV-319,,"Leukemia, Chronic lymphocytic",I,,,,,,,,,,,,,,,,,,,,,,,,,,,,,,,,,,,,,
,AbbVie,,,ABBV-319,,"Lymphoma, B-cell, diffuse large ",I,,,,,,,,,,,,,,,,,,,,,,,,,,,,,,,,,,,,,
,AbbVie,,,ABBV-319,,"Lymphoma, follicular ",I,,,,,,,,,,,,,,,,,,,,,,,,,,,,,,,,,,,,,
,AbbVie,,,ABBV-706,,CNS,I,,,,,,,,,,,,,,,,,,,,,,,,,,,,,,,,,,,,,
,AbbVie,,,ABBV-969,,Prostate,I,,,,,,,,,,,,,,,,,,,,,,,,,,,,,,,,,,,,,
,AbbVie,,"NCT05029882 (Phase 1, dose-escalation + expansion)",ABBV‑400,Telisotuzumab vedotin,"Advanced/metastatic NSCLC (EGFR WT), CRC, gastroesophageal adenocarcinoma, MET-amplified tumors",AbbVie pipeline (preclinical/early),"Monospecific IgG1 ADC, genetically conjugated via stochastic or site-specific linker technology",c‑Met (MET receptor tyrosine kinase),Monospecific ADC,Adizutecan (a topoisomerase I inhibitor),"ntibody binds c‑Met, internalized, releases topoisomerase I inhibitor for cytotoxicity, with possible bystander effects",Adizutecan (a topoisomerase I inhibitor),Single payload ADC,Cleavable (designed to release payload intracellularly; typical for Top1i ADCs),4,IV Q3W,IgG1–calicheamicin ADC,"Open-label, dose-escalation followed by expansion cohorts; later includes randomized Phase 2/3 studies","Multiple dose cohorts; expansion monotherapy and combination arms; upcoming randomized arms (e.g., vs Lonsurf+Bev)","None in initial, later arms include active comparators (e.g., Lonsurf + bevacizumab)","Monotherapy in Phase 1; planned combos with bevacizumab, budigalimab, osimertinib, fluoropyrimidines","Safety, tolerability, MTD/RP2D",Heavily pretreated/refractory solid tumors; new arms in earlier lines planned  ,US-centric with international expansion likely,367,"Phase 1 complete, multiple Phase 2/3 active/recruiting",MET protein expression by IHC (≥10% 3+ for CRC expansion); MET amplification also analyzed (ctDNA,MET IHC; ctDNA panels (GuardantINFINITY) in exploratory studies,N/a,Phase 1 started ~2022,Phase 1 ~2024; Phase 2/3 in progress,Phase 1 primary endpoints reached,ASCO/ESMO 2024; ASCO 2025 ongoing,,"No public Breakthrough, ODD, or Fast Track yet",,,N/a,N/a,,"ORR: NSCLC EGFR-WT: ~48% (2.4–3 mg/kg), CBR ~85% at median 6.8 mo follow-up; CRC MET‑high by IHC: 37.5%; MET-low: 14%; Overall across solid tumors: ORR ~63%, median PFS ~9 mo",Median PFS ~9 months; DOR immature but ongoing responders at data cutoff ,"Common AEs: Hematologic (anemia, neutropenia, thrombocytopenia), fatigue, nausea; ILD/pneumonitis rare class effect; Grade 3‑4: Hematologic ~35%; GI ~4%; Fatal TEAEs: ~17% (mostly disease progression; some infection, respiratory distress, pneumonitis)  "
,AbbVie,,,ABV-706,,"Lung, small cell",I,,,,,,,,,,,,,,,,,,,,,,,,,,,,,,,,,,,,,
,AbbVie,,,ABV-706,,"Neuroendocrine, unspecified",I,,,,,,,,,,,,,,,,,,,,,,,,,,,,,,,,,,,,,
,Hangzhou Adcoris Biopharma,,,ACR-246,,"Solid, unspecified",I,,,,,,,,,,,,,,,,,,,,,,,,,,,,,,,,,,,,,
,Hangzhou Adcoris Biopharma,,,ADC-2122,,"Solid, unspecified",I,,,,,,,,,,,,,,,,,,,,,,,,,,,,,,,,,,,,,
,Zhejiang Hisun Pharmaceutical,,,ADC-2122,,"Solid, unspecified",I,,,,,,,,,,,,,,,,,,,,,,,,,,,,,,,,,,,,,
,Adcendo,,,ADCE-T02,,Cervical,I,,,,,,,,,,,,,,,,,,,,,,,,,,,,,,,,,,,,,
,Adcendo,,,ADCE-T02,,Colorectal,I,,,,,,,,,,,,,,,,,,,,,,,,,,,,,,,,,,,,,
,Adcendo,,,ADCE-T02,,Head & neck,I,,,,,,,,,,,,,,,,,,,,,,,,,,,,,,,,,,,,,
,Adcendo,,,ADCE-T02,,"Lung, NSCLC",I,,,,,,,,,,,,,,,,,,,,,,,,,,,,,,,,,,,,,
,Adcendo,,,ADCE-T02,,Pancreatic,I,,,,,,,,,,,,,,,,,,,,,,,,,,,,,,,,,,,,,
,Adcendo ApS,,,ADCE‑D01,,uPARAP / —,Phase I/II in mesenchymal tumors,,,,,,,,,,,,,,,,,,,,,,,,,,,,,,,,,,,,,
,Chiome Biosceicne,,,ADCT-701,,"Neuroendocrine, unspecified",I,,,,,,,,,,,,,,,,,,,,,,,,,,,,,,,,,,,,,
,ADC Therapeutics,,,ADCT-901,,"Solid, unspecified",I,,,,,,,,,,,,,,,,,,,,,,,,,,,,,,,,,,,,,
,ADC Therapeutics,,,ADCT‑241,,PSMA+ cancers,Preclinical → IND soon,,,,,,,,,,,,,,,,,,,,,,,,,,,,,,,,,,,,,
,ADC Therapeutics,,,ADCT‑241,,,,,,,,,,,,,,,,,,,,,,,,,,,,,,,,,,,,,,,,
,ADC Therapeutics,,,ADCT‑242,,Claudin-6+ solid tumors,Preclinical → IND soon,,,,,,,,,,,,,,,,,,,,,,,,,,,,,,,,,,,,,
,ADC Therapeutics,,,ADCT‑242,,,,,,,,,,,,,,,,,,,,,,,,,,,,,,,,,,,,,,,,
,Adcentrx Therapeutics,,,ADRX-0405,,"Solid, unspecified",I,,,,,,,,,,,,,,,,,,,,,,,,,,,,,,,,,,,,,
,Adcentrx Therapeutics,,,ADRX-0706,,Bladder,I,,,,,,,,,,,,,,,,,,,,,,,,,,,,,,,,,,,,,
,Adcentrx Therapeutics,,,ADRX-0706,,Breast,I,,,,,,,,,,,,,,,,,,,,,,,,,,,,,,,,,,,,,
,Adcentrx Therapeutics,,,ADRX-0706,,Cervical,I,,,,,,,,,,,,,,,,,,,,,,,,,,,,,,,,,,,,,
,Adcentrx Therapeutics,,,ADRX-0706,,"Solid, unspecified",I,,,,,,,,,,,,,,,,,,,,,,,,,,,,,,,,,,,,,
,Angiex,,,AGX-101,,"Solid, unspecified",I,,,,,,,,,,,,,,,,,,,,,,,,,,,,,,,,,,,,,
,Akeso Biopharma,,,AK-138D1,,"Solid, unspecified",I,,,,,,,,,,,,,,,,,,,,,,,,,,,,,,,,,,,,,
,Alentis Therapeutics,,,ALE-P02,,Squamos cell,II,,,,,,,,,,,,,,,,,,,,,,,,,,,,,,,,,,,,,
,Shanghai Allink Biotherapeutics,,,ALK-201,,"Solid, unspecified",II,,,,,,,,,,,,,,,,,,,,,,,,,,,,,,,,,,,,,
,Shanghai Allink Biotherapeutics,,,ALK-202,,"Solid, unspecified",I,,,,,,,,,,,,,,,,,,,,,,,,,,,,,,,,,,,,,
,Alteogen,,,ALT-P7 (NeoadenⓇ),,,I,,,,,,,,,,,,,,,,,,,,,,,,,,,,,,,,,,,,,
,Biohaven,,,AMB-302,,"Solid, unspecified",I,,,,,,,,,,,,,,,,,,,,,,,,,,,,,,,,,,,,,
,Multitude Therapeutics,,,AMT-116,,"Solid, unspecified",II,,,,,,,,,,,,,,,,,,,,,,,,,,,,,,,,,,,,,
,Multitude Therapeutics,,,AMT-151,,"Solid, unspecified",I,,,,,,,,,,,,,,,,,,,,,,,,,,,,,,,,,,,,,
,Multitude Therapeutics,,,AMT-253,,Melanoma,II,,,,,,,,,,,,,,,,,,,,,,,,,,,,,,,,,,,,,
,Multitude Therapeutics,,,AMT-253,,"Solid, unspecified",II,,,,,,,,,,,,,,,,,,,,,,,,,,,,,,,,,,,,,
,Multitude Therapeutics,,,AMT-562,,"Solid, unspecified",I,,,,,,,,,,,,,,,,,,,,,,,,,,,,,,,,,,,,,
,J&J,,,Anvatabart opadotin,,Breast,II,,,,,,,,,,,,,,,,,,,,,,,,,,,,,,,,,,,,,
,J&J,,,Anvatabart opadotin,,"Gastrointestinal, stomach",III,,,,,,,,,,,,,,,,,,,,,,,,,,,,,,,,,,,,,
,J&J,,,Anvatabart opadotin,,Gastro-oesophageal junction,III,,,,,,,,,,,,,,,,,,,,,,,,,,,,,,,,,,,,,
,Zhejiang Pharmaceutical Co.,,,Anvatabart opadotin,,Breast,III,,,,,,,,,,,,,,,,,,,,,,,,,,,,,,,,,,,,,
,Zhejiang Pharmaceutical Co.,,,Anvatabart opadotin,,"Gastrointestinal, stomach",III,,,,,,,,,,,,,,,,,,,,,,,,,,,,,,,,,,,,,
,Zhejiang Pharmaceutical Co.,,,Anvatabart opadotin,,Gastro-oesophageal junction,III,,,,,,,,,,,,,,,,,,,,,,,,,,,,,,,,,,,,,
,Zhejiang Pharmaceutical Co.,,,ARX-305,,Nasopharyngeal,I,,,,,,,,,,,,,,,,,,,,,,,,,,,,,,,,,,,,,
,Zhejiang Pharmaceutical Co.,,,ARX-305,,Renal,I,,,,,,,,,,,,,,,,,,,,,,,,,,,,,,,,,,,,,
,Zhejiang Pharmaceutical Co.,,,ARX-305,,"Solid, unspecified",I,,,,,,,,,,,,,,,,,,,,,,,,,,,,,,,,,,,,,
,ADC Therapeutics,,,ASCT2-ADC (HuB14-PL2202),,,Pre-clinical,,,,,,,,,,,,,,,,,,,,,,,,,,,,,,,,,,,,,
,Kirilys Therapeutics,,,ASN-004,,Breast,I,,,,,,,,,,,,,,,,,,,,,,,,,,,,,,,,,,,,,
,Kirilys Therapeutics,,,ASN-004,,Colorectal,I,,,,,,,,,,,,,,,,,,,,,,,,,,,,,,,,,,,,,
,Kirilys Therapeutics,,,ASN-004,,Head & neck,I,,,,,,,,,,,,,,,,,,,,,,,,,,,,,,,,,,,,,
,Kirilys Therapeutics,,,ASN-004,,"Lung, NSCLC",I,,,,,,,,,,,,,,,,,,,,,,,,,,,,,,,,,,,,,
,Kirilys Therapeutics,,,ASN-004,,"Solid, unspecified",I,,,,,,,,,,,,,,,,,,,,,,,,,,,,,,,,,,,,,
,Telix Pharmaceuticals,,,ATL-101,,Prostate,III,,,,,,,,,,,,,,,,,,,,,,,,,,,,,,,,,,,,,
,Antengene,,,ATN-022,,"Gastrointestinal, stomach",II,,,,,,,,,,,,,,,,,,,,,,,,,,,,,,,,,,,,,
,Antengene,,,ATN-022,,"Solid, unspecified",II,,,,,,,,,,,,,,,,,,,,,,,,,,,,,,,,,,,,,
,AstraZeneca,,,AZD-0305,,Myeloma,II,,,,,,,,,,,,,,,,,,,,,,,,,,,,,,,,,,,,,
,AstraZeneca,,,AZD-0901,,"Gastrointestinal, stomach",III,,,,,,,,,,,,,,,,,,,,,,,,,,,,,,,,,,,,,
,AstraZeneca,,,AZD-0901,,Gastro-oesophageal junction,III,,,,,,,,,,,,,,,,,,,,,,,,,,,,,,,,,,,,,
,AstraZeneca,,,AZD-0901,,Pancreatic ,II,,,,,,,,,,,,,,,,,,,,,,,,,,,,,,,,,,,,,
,AstraZeneca,,,AZD-0901,,"Solid, unspecified",II,,,,,,,,,,,,,,,,,,,,,,,,,,,,,,,,,,,,,
,AstraZeneca,,,AZD-5335,,"Lung, unspecified",II,,,,,,,,,,,,,,,,,,,,,,,,,,,,,,,,,,,,,
,AstraZeneca,,,AZD-5335,,Ovarian,II,,,,,,,,,,,,,,,,,,,,,,,,,,,,,,,,,,,,,
,AstraZeneca,,,AZD-5335,,"Solid, unspecified",II,,,,,,,,,,,,,,,,,,,,,,,,,,,,,,,,,,,,,
,AstraZeneca,,,AZD-9592,,Colorectal,I,,,,,,,,,,,,,,,,,,,,,,,,,,,,,,,,,,,,,
,AstraZeneca,,,AZD-9592,,Head & neck,I,,,,,,,,,,,,,,,,,,,,,,,,,,,,,,,,,,,,,
,AstraZeneca,,,AZD-9592,,"Lung, NSCLC",I,,,,,,,,,,,,,,,,,,,,,,,,,,,,,,,,,,,,,
,AstraZeneca,,,AZD-9592,,"Solid, unspecified",I,,,,,,,,,,,,,,,,,,,,,,,,,,,,,,,,,,,,,
,AstraZeneca,,,AZD-9829,,"Haemotological, unspecified",II,,,,,,,,,,,,,,,,,,,,,,,,,,,,,,,,,,,,,
,Shanghai Pharmaceuticals Holding,,,B-006,,"Lymphoma, Hodgkin's",I,,,,,,,,,,,,,,,,,,,,,,,,,,,,,,,,,,,,,
,Shanghai Pharmaceuticals Holding,,,B-006,,"Lymphoma, T-cell, peripheral",I,,,,,,,,,,,,,,,,,,,,,,,,,,,,,,,,,,,,,
,Luye Pharma Group,,,BA-1301,,"Gastrointestinal, stomach",I,,,,,,,,,,,,,,,,,,,,,,,,,,,,,,,,,,,,,
,Luye Pharma Group,,,BA-1301,,Gastro-oesophageal junction,I,,,,,,,,,,,,,,,,,,,,,,,,,,,,,,,,,,,,,
,Luye Pharma Group,,,BA-1301,,Pancreatic,I,,,,,,,,,,,,,,,,,,,,,,,,,,,,,,,,,,,,,
,Shandong Boan Biotechnology,,,BA-1301,,"Solid, unspecified",I,,,,,,,,,,,,,,,,,,,,,,,,,,,,,,,,,,,,,
,Shandong Boan Biotechnology,,,BA-1302,,"Solid, unspecified",I,,,,,,,,,,,,,,,,,,,,,,,,,,,,,,,,,,,,,
,Bio-Thera Solutions,,,BAT_8010,,"Solid, unspecified",II,,,,,,,,,,,,,,,,,,,,,,,,,,,,,,,,,,,,,
,Bio-Thera Solutions,,,BAT-8006,,"Solid, unspecified",II,,,,,,,,,,,,,,,,,,,,,,,,,,,,,,,,,,,,,
,Bio-Thera Solutions,,,BAT-8007,,"Solid, unspecified",I,,,,,,,,,,,,,,,,,,,,,,,,,,,,,,,,,,,,,
,Bio-Thera Solutions,,,BAT-8008,,"Solid, unspecified",II,,,,,,,,,,,,,,,,,,,,,,,,,,,,,,,,,,,,,
,Bio-Thera Solutions,,,BAT-8009,,"Solid, unspecified",I,,,,,,,,,,,,,,,,,,,,,,,,,,,,,,,,,,,,,
,Bliss Biopharmaceutical,,,BB_1701,,Bladder,II,,,,,,,,,,,,,,,,,,,,,,,,,,,,,,,,,,,,,
,Bliss Biopharmaceutical,,,BB-1701,,Breast,II,,,,,,,,,,,,,,,,,,,,,,,,,,,,,,,,,,,,,
,Bliss Biopharmaceutical,,,BB-1705,,"Solid, unspecified",II,,,,,,,,,,,,,,,,,,,,,,,,,,,,,,,,,,,,,
,BioCity Biopharma,,,BB-1709,,"Solid, unspecified",I,,,,,,,,,,,,,,,,,,,,,,,,,,,,,,,,,,,,,
,Bliss Biopharmaceutical,,,BB-1709,,"Solid, unspecified",I,,,,,,,,,,,,,,,,,,,,,,,,,,,,,,,,,,,,,
,Biocytogen,,,BCG019,,,,,,,,,,,,,,,,,,,,,,,,,,,,,,,,,,,,,,,,
,Biocytogen,,,BCG022,,,,,,,,,,,,,,,,,,,,,,,,,,,,,,,,,,,,,,,,
,GSK,,,Belantamab mafodotin,,Myeloma ,Registered,,,,,,,,,,,,,,,,,,,,,,,,,,,,,,,,,,,,,
,BioNova Pharmaceuticals,,,Bezetabart debotansine,,"Lymphoma, B-cell",I,,,,,,,,,,,,,,,,,,,,,,,,,,,,,,,,,,,,,
,BioNova Pharmaceuticals,,,Bezetabart debotansine,,"Lymphoma, Non-Hodkin's ",I,,,,,,,,,,,,,,,,,,,,,,,,,,,,,,,,,,,,,
,Sutro Biopharma,,,Bezetabart debotansine,,"Llymphoma, B-cell, diffuse large",I,,,,,,,,,,,,,,,,,,,,,,,,,,,,,,,,,,,,,
,Sutro Biopharma,,,Bezetabart debotansine,,"Lymphoma, B-cell, marginal zone",I,,,,,,,,,,,,,,,,,,,,,,,,,,,,,,,,,,,,,
,Sutro Biopharma,,,Bezetabart debotansine,,"Lymphoma, follicular ",I,,,,,,,,,,,,,,,,,,,,,,,,,,,,,,,,,,,,,
,Protheragen,,,BioLink-018,,"Lymphoma, Non-Hodkin's ",I,,,,,,,,,,,,,,,,,,,,,,,,,,,,,,,,,,,,,
,Sichuan Biokin Pharmaceutical,,,BL-M02D1,,"Lung, unspecified",II,,,,,,,,,,,,,,,,,,,,,,,,,,,,,,,,,,,,,
,Sichuan Biokin Pharmaceutical,,,BL-M02D1,,"Solid, unspecified",II,,,,,,,,,,,,,,,,,,,,,,,,,,,,,,,,,,,,,
,Sichuan Biokin Pharmaceutical,,,BL-M05D1,,"Solid, unspecified",I,,,,,,,,,,,,,,,,,,,,,,,,,,,,,,,,,,,,,
,Sichuan Biokin Pharmaceutical,,,BL-M07D1,,Bladder,II,,,,,,,,,,,,,,,,,,,,,,,,,,,,,,,,,,,,,
,Sichuan Biokin Pharmaceutical,,,BL-M07D1,,Breast,III,,,,,,,,,,,,,,,,,,,,,,,,,,,,,,,,,,,,,
,Sichuan Biokin Pharmaceutical,,,BL-M07D1,,Cervical,II,,,,,,,,,,,,,,,,,,,,,,,,,,,,,,,,,,,,,
,Sichuan Biokin Pharmaceutical,,,BL-M07D1,,Endometrial,II,,,,,,,,,,,,,,,,,,,,,,,,,,,,,,,,,,,,,
,Sichuan Biokin Pharmaceutical,,,BL-M07D1,,Fallopian tube,II,,,,,,,,,,,,,,,,,,,,,,,,,,,,,,,,,,,,,
,Sichuan Biokin Pharmaceutical,,,BL-M07D1,,"Gastrointestinal, stomach",II,,,,,,,,,,,,,,,,,,,,,,,,,,,,,,,,,,,,,
,Sichuan Biokin Pharmaceutical,,,BL-M07D1,,"Lung, NSCLC",II,,,,,,,,,,,,,,,,,,,,,,,,,,,,,,,,,,,,,
,Sichuan Biokin Pharmaceutical,,,BL-M07D1,,Ovarian,II,,,,,,,,,,,,,,,,,,,,,,,,,,,,,,,,,,,,,
,Sichuan Biokin Pharmaceutical,,,BL-M07D1,,Peritoneal,II,,,,,,,,,,,,,,,,,,,,,,,,,,,,,,,,,,,,,
,Sichuan Biokin Pharmaceutical,,,BL-M07D1,,Vaginal,II,,,,,,,,,,,,,,,,,,,,,,,,,,,,,,,,,,,,,
,Sichuan Biokin Pharmaceutical,,,BL-M11D1,,"Leukaemia, acute myelogenous",I,,,,,,,,,,,,,,,,,,,,,,,,,,,,,,,,,,,,,
,Sichuan Biokin Pharmaceutical,,,BL-M17D1,,Breast,I,,,,,,,,,,,,,,,,,,,,,,,,,,,,,,,,,,,,,
,Sichuan Biokin Pharmaceutical,,,BL-M17D1,,"Gastrointestinal, stomach",I,,,,,,,,,,,,,,,,,,,,,,,,,,,,,,,,,,,,,
,Sichuan Biokin Pharmaceutical,,,BL-M17D1,,"Solid, unspecified",I,,,,,,,,,,,,,,,,,,,,,,,,,,,,,,,,,,,,,
,Pfizer,,,Brentuximab vedotin,,"Lymphoma, anaplastic large cell",Launched,,,,,,,,,,,,,,,,,,,,,,,,,,,,,,,,,,,,,
,Pfizer,,,Brentuximab vedotin,,"Lymphoma, B-cell, diffuse large ",Registered,,,,,,,,,,,,,,,,,,,,,,,,,,,,,,,,,,,,,
,Pfizer,,,Brentuximab vedotin,,"Lymphoma, Hodgkin's",Launched,,,,,,,,,,,,,,,,,,,,,,,,,,,,,,,,,,,,,
,Pfizer,,,Brentuximab vedotin,,"Lymphoma, Non-Hodkin's ",III,,,,,,,,,,,,,,,,,,,,,,,,,,,,,,,,,,,,,
,Pfizer,,,Brentuximab vedotin,,"Lymphoma, T-cell, cutaneous",Pre-registratin,,,,,,,,,,,,,,,,,,,,,,,,,,,,,,,,,,,,,
,Pfizer,,,Brentuximab vedotin,,"Lymphoma, T-cell, peripheral",Launched,,,,,,,,,,,,,,,,,,,,,,,,,,,,,,,,,,,,,
,Pfizer,,,Brentuximab vedotin,,"Solid, unspecified",II,,,,,,,,,,,,,,,,,,,,,,,,,,,,,,,,,,,,,
,Pfizer,,,Brentuximab vedotin,,"Lymphoma, anaplastic large cell",Launched,,,,,,,,,,,,,,,,,,,,,,,,,,,,,,,,,,,,,
,OBI Pharma,,,BSI-992,,"Solid, unspecified",II,,,,,,,,,,,,,,,,,,,,,,,,,,,,,,,,,,,,,
,Mabwell (Shanghai Bioscience),,,Bulumtatug fuvedotin,,Bladder,III,,,,,,,,,,,,,,,,,,,,,,,,,,,,,,,,,,,,,
,Mabwell (Shanghai Bioscience),,,Bulumtatug fuvedotin,,Breast,II,,,,,,,,,,,,,,,,,,,,,,,,,,,,,,,,,,,,,
,Mabwell (Shanghai Bioscience),,,Bulumtatug fuvedotin,,Cervical,III,,,,,,,,,,,,,,,,,,,,,,,,,,,,,,,,,,,,,
,Mabwell (Shanghai Bioscience),,,Bulumtatug fuvedotin,,Gastro-oesophageal junction,II,,,,,,,,,,,,,,,,,,,,,,,,,,,,,,,,,,,,,
,Mabwell (Shanghai Bioscience),,,Bulumtatug fuvedotin,,Renal,III,,,,,,,,,,,,,,,,,,,,,,,,,,,,,,,,,,,,,
,ADC Therapeutics,,,Camidanlumab tesirine,,"Lymphoma, Non-Hodkin's ",II,,,,,,,,,,,,,,,,,,,,,,,,,,,,,,,,,,,,,
,Coherent Biopharma,,,CBP-1018,,"Lung, unspecified",I,,,,,,,,,,,,,,,,,,,,,,,,,,,,,,,,,,,,,
,Coherent Biopharma,,,CBP-1018,,Prostate,I,,,,,,,,,,,,,,,,,,,,,,,,,,,,,,,,,,,,,
,Coherent Biopharma,,,CBP-1018,,Renal,I,,,,,,,,,,,,,,,,,,,,,,,,,,,,,,,,,,,,,
,Coherent Biopharma,,,CBP-1018,,"Solid, unspecified",I,,,,,,,,,,,,,,,,,,,,,,,,,,,,,,,,,,,,,
,Keymed Biosciences,,,CM-518D1,,"Solid, unspecified",II,,,,,,,,,,,,,,,,,,,,,,,,,,,,,,,,,,,,,
,KeyMed/Lepu,,,CMG901,,,I,,,,,,,,,,,,,,,,,,,,,,,,,,,,,,,,,,,,,
,Pfizer,,,Cofetuzumab pelidotin (PF‑06647020),,PTK7,"Early‑stage breast, ovarian, NSCLC",,,,,,,,,,,,,,,,,,,,,,,,,,,,,,,,,,,,,
,CSPC Pharmaceutical,,,CPO-301,,Breast,II,,,,,,,,,,,,,,,,,,,,,,,,,,,,,,,,,,,,,
,CSPC Pharmaceutical,,,CPO-301,,Colorectal,II,,,,,,,,,,,,,,,,,,,,,,,,,,,,,,,,,,,,,
,CSPC Pharmaceutical,,,CPO-301,,"Lung, NSCLC",III,,,,,,,,,,,,,,,,,,,,,,,,,,,,,,,,,,,,,
,Corbus Pharmaceuticals,,,CRB-701,,Bladder,II,,,,,,,,,,,,,,,,,,,,,,,,,,,,,,,,,,,,,
,CSPC Pharmaceutical,,,CRB-701,,Bladder,II,,,,,,,,,,,,,,,,,,,,,,,,,,,,,,,,,,,,,
,CSPC Pharmaceutical,,,CRB-701,,Head & neck,II,,,,,,,,,,,,,,,,,,,,,,,,,,,,,,,,,,,,,
,Cstone Pharmaceuticals,,,CS-5001,,"Lymphoma, B-cell",I,,,,,,,,,,,,,,,,,,,,,,,,,,,,,,,,,,,,,
,Cstone Pharmaceuticals,,,CS-5001,,"Solid, unspecified",I,,,,,,,,,,,,,,,,,,,,,,,,,,,,,,,,,,,,,
,CStone,,,CS5007,,Unpublished,Preclinical → Clinical,,,,,,,,,,,,,,,,,,,,,,,,,,,,,,,,,,,,,
,OnCusp Therapeutics,,,CUSP-06,,"Solid, unspecified",I,,,,,,,,,,,,,,,,,,,,,,,,,,,,,,,,,,,,,
,OnCusp Therapeutics,,,CUSP-06,,Ovarian,I,,,,,,,,,,,,,,,,,,,,,,,,,,,,,,,,,,,,,
,CytomX Therapeutics,,,CX-2051,,Colorectal,I,,,,,,,,,,,,,,,,,,,,,,,,,,,,,,,,,,,,,
,CytomX Therapeutics,,,CX-2051,,"Solid, unspecified",I,,,,,,,,,,,,,,,,,,,,,,,,,,,,,,,,,,,,,
,Hangzhou DAC Biotech,,,DAC-002,,Breast,I,,,,,,,,,,,,,,,,,,,,,,,,,,,,,,,,,,,,,
,Hangzhou DAC Biotech,,,DAC-002,,"Lung, small cell",I,,,,,,,,,,,,,,,,,,,,,,,,,,,,,,,,,,,,,
,Shanghai Junshi Biosciences,,,DAC-002,,Breast,I,,,,,,,,,,,,,,,,,,,,,,,,,,,,,,,,,,,,,
,Shanghai Junshi Biosciences,,,DAC-002,,"Lung, small cell",I,,,,,,,,,,,,,,,,,,,,,,,,,,,,,,,,,,,,,
,AstraZeneca,,,Datopotamab deruxtecan (Dato-DXd),,Breast,Launched,,,,,,,,,,,,,,,,,,,,,,,,,,,,,,,,,,,,,
,AstraZeneca,,,Datopotamab deruxtecan (Dato-DXd),,"Lung, NSCLC",Pre-registration,,,,,,,,,,,,,,,,,,,,,,,,,,,,,,,,,,,,,
,AstraZeneca,,,Datopotamab deruxtecan (Dato-DXd),,"Solid, unspecified",II,,,,,,,,,,,,,,,,,,,,,,,,,,,,,,,,,,,,,
,Duality,,,DB-1303 (BNT323),,,III ,,,,,,,,,,,,,,,,,,,,,,,,,,,,,,,,,,,,,
,Duality Biologics,,,DB-1305,,"Solid, unspecified",II,,,,,,,,,,,,,,,,,,,,,,,,,,,,,,,,,,,,,
,Duality Biologics,,,DB-1310,,"Solid, unspecified",II,,,,,,,,,,,,,,,,,,,,,,,,,,,,,,,,,,,,,
,BioNTech,,,DB-1311,,"Solid, unspecified",II,,,,,,,,,,,,,,,,,,,,,,,,,,,,,,,,,,,,,
,Duality Biologics,,,DB-1311,,"Lung, NSCLC",II,,,,,,,,,,,,,,,,,,,,,,,,,,,,,,,,,,,,,
,Duality Biologics,,,DB-1311,,"Lung, small cell",II,,,,,,,,,,,,,,,,,,,,,,,,,,,,,,,,,,,,,
,Duality Biologics,,,DB-1311,,"Solid, unspecified",II,,,,,,,,,,,,,,,,,,,,,,,,,,,,,,,,,,,,,
,BeiGene,,,DB-1312,,"Solid, unspecified",II,,,,,,,,,,,,,,,,,,,,,,,,,,,,,,,,,,,,,
,BeiGene,,,DB-1312,,Breast,I,,,,,,,,,,,,,,,,,,,,,,,,,,,,,,,,,,,,,
,Duality Biologics,,,DB-1312,,"Solid, unspecified",I,,,,,,,,,,,,,,,,,,,,,,,,,,,,,,,,,,,,,
,Duality Biologics,,,DB-1418,,,I/II,,,,,,,,,,,,,,,,,,,,,,,,,,,,,,,,,,,,,
,Duality Biologics,,,DB-1419,,"Solid, unspecified",II,,,,,,,,,,,,,,,,,,,,,,,,,,,,,,,,,,,,,
,Pfizer,,,Disitamab vedotin,,Bladder,II,,,,,,,,,,,,,,,,,,,,,,,,,,,,,,,,,,,,,
,Pfizer,,,Disitamab vedotin,,"Solid, unspecified",II,,,,,,,,,,,,,,,,,,,,,,,,,,,,,,,,,,,,,
,RemeGen,,,Disitamab vedotin,,Bilary,II,,,,,,,,,,,,,,,,,,,,,,,,,,,,,,,,,,,,,
,RemeGen,,,Disitamab vedotin,,Bladder,Launched,,,,,,,,,,,,,,,,,,,,,,,,,,,,,,,,,,,,,
,RemeGen,,,Disitamab vedotin,,Cervical,II,,,,,,,,,,,,,,,,,,,,,,,,,,,,,,,,,,,,,
,RemeGen,,,Disitamab vedotin,,"Solid, unspecified",II,,,,,,,,,,,,,,,,,,,,,,,,,,,,,,,,,,,,,
,Biocytogen,,,DM-002,,"Solid, unspecified",I,,,,,,,,,,,,,,,,,,,,,,,,,,,,,,,,,,,,,
,Hangzhou highField Biopharma,,,Doxorubicin,,"Solid, unspecified",I,,,,,,,,,,,,,,,,,,,,,,,,,,,,,,,,,,,,,
,CSPC Pharmaceutical,,,DP-303c,,Breast,III,,,,,,,,,,,,,,,,,,,,,,,,,,,,,,,,,,,,,
,CSPC Pharmaceutical,,,DP-303c,,"Gastrointestinal, stomach",II,,,,,,,,,,,,,,,,,,,,,,,,,,,,,,,,,,,,,
,CSPC Pharmaceutical,,,DP-303c,,Gastro-oesophageal junction,II,,,,,,,,,,,,,,,,,,,,,,,,,,,,,,,,,,,,,
,Daiichi Sankyo,,,DS-3939,,"Solid, unspecified",II,,,,,,,,,,,,,,,,,,,,,,,,,,,,,,,,,,,,,
,Daiichi Sankyo,,,DS-9606,,"Solid, unspecified",I,,,,,,,,,,,,,,,,,,,,,,,,,,,,,,,,,,,,,
,Hangzhou DAC Biotech,,,DX126-262,,Bladder,II,,,,,,,,,,,,,,,,,,,,,,,,,,,,,,,,,,,,,
,Hangzhou DAC Biotech,,,DX126-262,,Breast,II,,,,,,,,,,,,,,,,,,,,,,,,,,,,,,,,,,,,,
,Hangzhou DAC Biotech,,,DX126-262,,"Gastrointestinal, stomach",II,,,,,,,,,,,,,,,,,,,,,,,,,,,,,,,,,,,,,
,Hangzhou DAC Biotech,,,DXC-005,,Colorectal,I,,,,,,,,,,,,,,,,,,,,,,,,,,,,,,,,,,,,,
,Hangzhou DAC Biotech,,,DXC-005,,Pancreatic,I,,,,,,,,,,,,,,,,,,,,,,,,,,,,,,,,,,,,,
,Hangzhou DAC Biotech,,,DXC-005,,"Solid, unspecified",I,,,,,,,,,,,,,,,,,,,,,,,,,,,,,,,,,,,,,
,Hangzhou DAC Biotech,,,DXC-006,,"Haemotological, unspecified",I,,,,,,,,,,,,,,,,,,,,,,,,,,,,,,,,,,,,,
,Hangzhou DAC Biotech,,,DXC-006,,"Solid, unspecified",I,,,,,,,,,,,,,,,,,,,,,,,,,,,,,,,,,,,,,
,Hangzhou DAC Biotech,,,DXC-007,,"Leukaemia, acute myelogenous",I,,,,,,,,,,,,,,,,,,,,,,,,,,,,,,,,,,,,,
,Hangzhou DAC Biotech,,,DXC-1002,,"Solid, unspecified",I,,,,,,,,,,,,,,,,,,,,,,,,,,,,,,,,,,,,,
,Hangzhou DAC,,,DXC018,,HER2-positive solid tumors,Preclinical → Clinical,,,,,,,,,,,,,,,,,,,,,,,,,,,,,,,,,,,,,
,Hangzhou DAC Biotech,,,DXC018,,,,,,,,,,,,,,,,,,,,,,,,,,,,,,,,,,,,,,,,
,Experimental Drug Development Centre (EDDC),,,EBC‑129,,CEACAM5/6,"Phase I expansion in PDAC, GEA, etc.",,,,,,,,,,,,,,,,,,,,,,,,,,,,,,,,,,,,,
,Mersana Therapeutics,,,Emiltatug ledadotin,,Breast,I,,,,,,,,,,,,,,,,,,,,,,,,,,,,,,,,,,,,,
,Mersana Therapeutics,,,Emiltatug ledadotin,,Endometrial,I,,,,,,,,,,,,,,,,,,,,,,,,,,,,,,,,,,,,,
,Mersana Therapeutics,,,Emiltatug ledadotin,,Ovarian,I,,,,,,,,,,,,,,,,,,,,,,,,,,,,,,,,,,,,,
,Mersana Therapeutics,,,Emiltatug ledadotin,,"Solid, unspecified",I,,,,,,,,,,,,,,,,,,,,,,,,,,,,,,,,,,,,,
,Astellas Pharma,,,Enfortumab vedotin,,Bladder,Launched,,,,,,,,,,,,,,,,,,,,,,,,,,,,,,,,,,,,,
,Astellas Pharma,,,Enfortumab vedotin,,Colorectal,II,,,,,,,,,,,,,,,,,,,,,,,,,,,,,,,,,,,,,
,Astellas Pharma,,,Enfortumab vedotin,,Liver,II,,,,,,,,,,,,,,,,,,,,,,,,,,,,,,,,,,,,,
,Astellas Pharma,,,Enfortumab vedotin,,Renal,III,,,,,,,,,,,,,,,,,,,,,,,,,,,,,,,,,,,,,
,Astellas Pharma,,,Enfortumab vedotin,,"Solid, unspecified",II,,,,,,,,,,,,,,,,,,,,,,,,,,,,,,,,,,,,,
,Astellas Pharma,,,Enfortumab vedotin,,Urethral,Launched,,,,,,,,,,,,,,,,,,,,,,,,,,,,,,,,,,,,,
,Pfizer,,,Enfortumab vedotin,,Bladder,Launched,,,,,,,,,,,,,,,,,,,,,,,,,,,,,,,,,,,,,
,Pfizer,,,Enfortumab vedotin,,Renal,III,,,,,,,,,,,,,,,,,,,,,,,,,,,,,,,,,,,,,
,Pfizer,,,Enfortumab vedotin,,"Solid, unspecified",II,,,,,,,,,,,,,,,,,,,,,,,,,,,,,,,,,,,,,
,Pfizer,,,Enfortumab vedotin,,Urethral,Pre-registration,,,,,,,,,,,,,,,,,,,,,,,,,,,,,,,,,,,,,
,CSPC Pharmaceutical,,,EO-3021,,Gastro-oesophageal junction,III,,,,,,,,,,,,,,,,,,,,,,,,,,,,,,,,,,,,,
,CSPC Pharmaceutical,,,EO-3021,,Pancreatic,II,,,,,,,,,,,,,,,,,,,,,,,,,,,,,,,,,,,,,
,CSPC Pharmaceutical ,,,EO-3021,,"Gastrointestinal, stomach",III,,,,,,,,,,,,,,,,,,,,,,,,,,,,,,,,,,,,,
,ADC Therapeutics,,,Epratuzumab tesirine,,"Leukaemia, acute lymphocytic",II,,,,,,,,,,,,,,,,,,,,,,,,,,,,,,,,,,,,,
,Shanghai Escugen Biotech,,,ESG-401,,Breast,III,,,,,,,,,,,,,,,,,,,,,,,,,,,,,,,,,,,,,
,Shanghai Escugen Biotech,,,ESG-401,,"Solid, unspecified",II,,,,,,,,,,,,,,,,,,,,,,,,,,,,,,,,,,,,,
,Eli Lilly,,,Etx-22,,"Solid, unspecified",I,,,,,,,,,,,,,,,,,,,,,,,,,,,,,,,,,,,,,
,Shanghai Fudan-Zhangjiang,,,F0002-ADC,,"Lymphoma, Hodgkin's",I,,,,,,,,,,,,,,,,,,,,,,,,,,,,,,,,,,,,,
,Shanghai Fudan-Zhangjiang,,,F0002-ADC,,"Haemotological, unspecified",I,,,,,,,,,,,,,,,,,,,,,,,,,,,,,,,,,,,,,
,Eisai,,,Farletuzumab ecteribulin,,"Solid, unspecified",II,,,,,,,,,,,,,,,,,,,,,,,,,,,,,,,,,,,,,
,Shanghai Fudan-Zhangjiang,,,FDA-018,,Breast,III,,,,,,,,,,,,,,,,,,,,,,,,,,,,,,,,,,,,,
,Shanghai Fudan-Zhangjiang,,,FDA-022,,"Solid, unspecified",II,,,,,,,,,,,,,,,,,,,,,,,,,,,,,,,,,,,,,
,FibroGen,,,FG-3246,,Prostate,II,,,,,,,,,,,,,,,,,,,,,,,,,,,,,,,,,,,,,
,BeiGene,,,FGFR2b ADC,,"Solid, unspecified",I,,,,,,,,,,,,,,,,,,,,,,,,,,,,,,,,,,,,,
,Shanghai Fudan-Zhangjiang,,,FZ-AD004,,"Solid, unspecified",I,,,,,,,,,,,,,,,,,,,,,,,,,,,,,,,,,,,,,
,Shanghai Fudan-Zhangjiang,,,FZ-AD005,,"Solid, unspecified",I,,,,,,,,,,,,,,,,,,,,,,,,,,,,,,,,,,,,,
,Celldex Therapeutics,,,Glembatumumab vedotin (CDX-011),,GPNMB / MMAE,"Phase I/II – melanoma, breast cancer",,,,,,,,,,,,,,,,,,,,,,,,,,,,,,,,,,,,,
,Heidelberg Pharma,,,HDP-101 (Patisiran vedotin),,,I/IIa,,,,,,,,,,,,,,,,,,,,,,,,,,,,,,,,,,,,,
,Heidelberg Pharma,,,HDP-102,,,I,,,,,,,,,,,,,,,,,,,,,,,,,,,,,,,,,,,,,
,Heidelberg Pharma,,,HDP-103,,,Preclinical,,,,,,,,,,,,,,,,,,,,,,,,,,,,,,,,,,,,,
,ADC Therapeutics,,,HuB14‑VA‑PL2202,,ASCT2+ cancers,Preclinical → IND soon,,,,,,,,,,,,,,,,,,,,,,,,,,,,,,,,,,,,,
,Innovent Biologics,,,IBI-354,,Peritoneal,III,,,,,,,,,,,,,,,,,,,,,,,,,,,,,,,,,,,,,
,Innovent Biologics,,,IBI-354,,"Solid, unspecified",II,,,,,,,,,,,,,,,,,,,,,,,,,,,,,,,,,,,,,
,Innovent,,,IBI3026,,PD-L1-positive tumors,Phase I planned (2025),,,,,,,,,,,,,,,,,,,,,,,,,,,,,,,,,,,,,
,Exelixis,,,ICON-2,,"Solid, unspecified",I,,,,,,,,,,,,,,,,,,,,,,,,,,,,,,,,,,,,,
,Zymeworks,,,ICON-2,,"Solid, unspecified",I,,,,,,,,,,,,,,,,,,,,,,,,,,,,,,,,,,,,,
,Daiichi Sankyo,,,Ifinatamab deruxtecan,,"Lung, small cell",III,,,,,,,,,,,,,,,,,,,,,,,,,,,,,,,,,,,,,
,Daiichi Sankyo,,,Ifinatamab deruxtecan,,Gastro-oesophageal junction,III,,,,,,,,,,,,,,,,,,,,,,,,,,,,,,,,,,,,,
,Daiichi Sankyo,,,Ifinatamab deruxtecan,,Prostate,II,,,,,,,,,,,,,,,,,,,,,,,,,,,,,,,,,,,,,
,Daiichi Sankyo,,,Ifinatamab deruxtecan,,"Solid, unspecified",II,,,,,,,,,,,,,,,,,,,,,,,,,,,,,,,,,,,,,
,Merck & Co.,,,Ifinatamab deruxtecan,,Colorectal,II,,,,,,,,,,,,,,,,,,,,,,,,,,,,,,,,,,,,,
,Fosun,,,IKS014 (FS-1502),,,II,,,,,,,,,,,,,,,,,,,,,,,,,,,,,,,,,,,,,
,Iksuda Therapeutics,,,IKS03,,,I,,,,,,,,,,,,,,,,,,,,,,,,,,,,,,,,,,,,,
,Iksuda Therapeutics,,,IKS04‑(CA242 ADC),,,IND late 2025,,,,,,,,,,,,,,,,,,,,,,,,,,,,,,,,,,,,,
,Immunome,,,IM-1021,,Breast,I,,,,,,,,,,,,,,,,,,,,,,,,,,,,,,,,,,,,,
,Immunome,,,IM-1021,,"Lung, NSCLC",I,,,,,,,,,,,,,,,,,,,,,,,,,,,,,,,,,,,,,
,Immunome,,,IM-1021,,"Lymphoma, B-cell, diffuse large ",I,,,,,,,,,,,,,,,,,,,,,,,,,,,,,,,,,,,,,
,Immunome,,,IM-1021,,"Lymphoma, follcular",I,,,,,,,,,,,,,,,,,,,,,,,,,,,,,,,,,,,,,
,Immunome,,,IM-1021,,"Lymphoma, mantle cell",I,,,,,,,,,,,,,,,,,,,,,,,,,,,,,,,,,,,,,
,Immunome,,,IM-1021,,"Lymphoma, Non-Hodkin's ",I,,,,,,,,,,,,,,,,,,,,,,,,,,,,,,,,,,,,,
,Immunome,,,IM-1021,,Mesothelioma,I,,,,,,,,,,,,,,,,,,,,,,,,,,,,,,,,,,,,,
,Immunome,,,IM-1021,,Ovarian,I,,,,,,,,,,,,,,,,,,,,,,,,,,,,,,,,,,,,,
,Immunome,,,IM-1021,,Pancreatic,I,,,,,,,,,,,,,,,,,,,,,,,,,,,,,,,,,,,,,
,Immunome,,,IM-1021,,"Sarcoma, lipo",I,,,,,,,,,,,,,,,,,,,,,,,,,,,,,,,,,,,,,
,Immunome,,,IM-1021,,"Solid, unspecified",I,,,,,,,,,,,,,,,,,,,,,,,,,,,,,,,,,,,,,
,Immunome,,,IM-1021,,Unspecified,I,,,,,,,,,,,,,,,,,,,,,,,,,,,,,,,,,,,,,
,Zentalis Pharmaceuticals,,,IM-1021,,"Solid, unspecified",I,,,,,,,,,,,,,,,,,,,,,,,,,,,,,,,,,,,,,
,Affinity Biopharma,,,IMD2113,,EGFR/TROP2-positive tumors,Preclinical → Clinical,,,,,,,,,,,,,,,,,,,,,,,,,,,,,,,,,,,,,
,AbbVie,,,IMGN-151,,Endometrial,I,,,,,,,,,,,,,,,,,,,,,,,,,,,,,,,,,,,,,
,AbbVie,,,IMGN-151,,Fallopian tube,I,,,,,,,,,,,,,,,,,,,,,,,,,,,,,,,,,,,,,
,AbbVie,,,IMGN-151,,Ovarian,I,,,,,,,,,,,,,,,,,,,,,,,,,,,,,,,,,,,,,
,AbbVie,,,IMGN-151,,Peritoneal,I,,,,,,,,,,,,,,,,,,,,,,,,,,,,,,,,,,,,,
,Inatherys,,,INA-03,,"Leukaemia, acute lymphocytic",I,,,,,,,,,,,,,,,,,,,,,,,,,,,,,,,,,,,,,
,Inatherys,,,INA-03,,"Leukaemia, acute myelogenous",I,,,,,,,,,,,,,,,,,,,,,,,,,,,,,,,,,,,,,
,Biotest Pharmaceuticals (Biotest AG),,,Indatuximab ravtansine,,CD138,Myeloma trials ongoing,,,,,,,,,,,,,,,,,,,,,,,,,,,,,,,,,,,,,
,Biotest Pharmaceuticals Corporation (aka Biotest AG),,,Indatuximab ravtansine,,CD138 / DM4,"Myeloma (combo), TNBC, bladder cancers",,,,,,,,,,,,,,,,,,,,,,,,,,,,,,,,,,,,,
,Millennium Pharmaceuticals (Takeda),,,Indusatumab vedotin (MLN‑0264 / TAK‑264),,Guanylate cyclase‑C,Phase II GI cancers (paused),,,,,,,,,,,,,,,,,,,,,,,,,,,,,,,,,,,,,
,Pfizer,,,Inotuzumab ozogamicin,,"Leukaemia, acute lymphocytic",Launched,,,,,,,,,,,,,,,,,,,,,,,,,,,,,,,,,,,,,
,Innate Pharma,,,IPH-4502,,"Solid, unspecified",I,,,,,,,,,,,,,,,,,,,,,,,,,,,,,,,,,,,,,
,Bristol-Myers Squibb,,,Izalontamab brengitecan,,"Solid, unspecified",II,,,,,,,,,,,,,,,,,,,,,,,,,,,,,,,,,,,,,
,Sichuan Biokin Pharmaceutical,,,Izalontamab brengitecan,,Biliary,II,,,,,,,,,,,,,,,,,,,,,,,,,,,,,,,,,,,,,
,Sichuan Biokin Pharmaceutical,,,Izalontamab brengitecan,,Bladder,III,,,,,,,,,,,,,,,,,,,,,,,,,,,,,,,,,,,,,
,Sichuan Biokin Pharmaceutical,,,Izalontamab brengitecan,,Breast,III,,,,,,,,,,,,,,,,,,,,,,,,,,,,,,,,,,,,,
,Sichuan Biokin Pharmaceutical,,,Izalontamab brengitecan,,Chordoma,II,,,,,,,,,,,,,,,,,,,,,,,,,,,,,,,,,,,,,
,Sichuan Biokin Pharmaceutical,,,Izalontamab brengitecan,,"Gastrointestinal, stomach",II,,,,,,,,,,,,,,,,,,,,,,,,,,,,,,,,,,,,,
,Sichuan Biokin Pharmaceutical,,,Izalontamab brengitecan,,Head & neck,II,,,,,,,,,,,,,,,,,,,,,,,,,,,,,,,,,,,,,
,Sichuan Biokin Pharmaceutical,,,Izalontamab brengitecan,,"Lung, NSCLC",III,,,,,,,,,,,,,,,,,,,,,,,,,,,,,,,,,,,,,
,Sichuan Biokin Pharmaceutical,,,Izalontamab brengitecan,,"Lung, small cell",III,,,,,,,,,,,,,,,,,,,,,,,,,,,,,,,,,,,,,
,Sichuan Biokin Pharmaceutical,,,Izalontamab brengitecan,,Nasopharyngeal,III,,,,,,,,,,,,,,,,,,,,,,,,,,,,,,,,,,,,,
,Sichuan Biokin Pharmaceutical,,,Izalontamab brengitecan,,Oesophageal,III,,,,,,,,,,,,,,,,,,,,,,,,,,,,,,,,,,,,,
,AbbVie,,,Izeltabart tapatansine,,"Solid, unspecified",II,,,,,,,,,,,,,,,,,,,,,,,,,,,,,,,,,,,,,
,Novartis,,,JBH-492,,"Leukaemia, chronic lymphocytic",I,,,,,,,,,,,,,,,,,,,,,,,,,,,,,,,,,,,,,
,Novartis,,,JBH-492,,"Lymphoma, Non-Hodkin's ",I,,,,,,,,,,,,,,,,,,,,,,,,,,,,,,,,,,,,,
,J&J,,,JNJ-8177,,Prostate,I,,,,,,,,,,,,,,,,,,,,,,,,,,,,,,,,,,,,,
,J&J,,,JNJ-8177,,"Solid, unspecified",I,,,,,,,,,,,,,,,,,,,,,,,,,,,,,,,,,,,,,
,Shanghai Junshi Biosciences,,,JS-107,,"Gastrointestinal, stomach",II,,,,,,,,,,,,,,,,,,,,,,,,,,,,,,,,,,,,,
,Shanghai Junshi Biosciences,,,JS-107,,Pancreatic,II,,,,,,,,,,,,,,,,,,,,,,,,,,,,,,,,,,,,,
,Shanghai Junshi Biosciences,,,JS-107,,"Solid, unspecified",II,,,,,,,,,,,,,,,,,,,,,,,,,,,,,,,,,,,,,
,Suzhou Alphamab,,,JSKN-003,,Breast,III,,,,,,,,,,,,,,,,,,,,,,,,,,,,,,,,,,,,,
,Suzhou Alphamab,,,JSKN-003,,Fallopian tube,III,,,,,,,,,,,,,,,,,,,,,,,,,,,,,,,,,,,,,
,Suzhou Alphamab,,,JSKN-003,,Ovarian,III,,,,,,,,,,,,,,,,,,,,,,,,,,,,,,,,,,,,,
,Suzhou Alphamab,,,JSKN-003,,Peritoneal,III,,,,,,,,,,,,,,,,,,,,,,,,,,,,,,,,,,,,,
,Suzhou Alphamab,,,JSKN-003,,"Solid, unspecified",II,,,,,,,,,,,,,,,,,,,,,,,,,,,,,,,,,,,,,
,Suzhou Alphamab,,,JSKN-016,,"Solid, unspecified",I,,,,,,,,,,,,,,,,,,,,,,,,,,,,,,,,,,,,,
,Suzhou Alphamab,,,JSKN-033,,Breast,III,,,,,,,,,,,,,,,,,,,,,,,,,,,,,,,,,,,,,
,Suzhou Alphamab,,,JSKN-033,,Ovarian,III,,,,,,,,,,,,,,,,,,,,,,,,,,,,,,,,,,,,,
,Suzhou Alphamab,,,JSKN-033,,"Solid, unspecified",II,,,,,,,,,,,,,,,,,,,,,,,,,,,,,,,,,,,,,
,Jiangsu Alphamab,,,JSKN021,,EGFR/HER3-positive tumors,Preclinical → Clinical,,,,,,,,,,,,,,,,,,,,,,,,,,,,,,,,,,,,,
,Chengdu,,,KH815,,,,,,,,,,,,,,,,,,,,,,,,,,,,,,,,,,,,,,,,
,Chengdu Kanghong,,,KH815,,TROP2-positive solid tumors,Phase I planned,,,,,,,,,,,,,,,,,,,,,,,,,,,,,,,,,,,,,
,Kyowa Kirin,,,KK-2845,,"Leukaemia, acute myelogenous",I,,,,,,,,,,,,,,,,,,,,,,,,,,,,,,,,,,,,,
,Sihuan Pharmaceutical,,,KM-501,,Breast,I,,,,,,,,,,,,,,,,,,,,,,,,,,,,,,,,,,,,,
,Sihuan Pharmaceutical,,,KM-501,,"Solid, unspecified",I,,,,,,,,,,,,,,,,,,,,,,,,,,,,,,,,,,,,,
,Nippon Kayaku,,,KS1/4-vinblastine,,"Lymphoma, Non-Hodkin's ",Launched,,,,,,,,,,,,,,,,,,,,,,,,,,,,,,,,,,,,,
,Nippon Kayaku,,,KS1/4-vinblastine,,Teratoma,Launched,,,,,,,,,,,,,,,,,,,,,,,,,,,,,,,,,,,,,
,Novatim Immune Therapeutics (Zhejiang),,,KY-0301,,"Solid, unspecified",I,,,,,,,,,,,,,,,,,,,,,,,,,,,,,,,,,,,,,
,Helix Bipoharma,,,L-DOS-47,,"Lung, NSCLC",II,,,,,,,,,,,,,,,,,,,,,,,,,,,,,,,,,,,,,
,Helix Bipoharma,,,L-DOS-47,,Pancreatic,II,,,,,,,,,,,,,,,,,,,,,,,,,,,,,,,,,,,,,
,LigaChem Biosciences,,,LCB-14,,Colorectal,II,,,,,,,,,,,,,,,,,,,,,,,,,,,,,,,,,,,,,
,LigaChem Biosciences,,,LCB-14,,"Lung, NSCLC",II,,,,,,,,,,,,,,,,,,,,,,,,,,,,,,,,,,,,,
,LigaChem Biosciences,,,LCB-14,,"Solid, unspecified",II,,,,,,,,,,,,,,,,,,,,,,,,,,,,,,,,,,,,,
,Shanghai Fosun Pharmaceutical,,,LCB-14,,Breast,III,,,,,,,,,,,,,,,,,,,,,,,,,,,,,,,,,,,,,
,Shanghai Fosun Pharmaceutical,,,LCB-14,,Colorectal,II,,,,,,,,,,,,,,,,,,,,,,,,,,,,,,,,,,,,,
,Shanghai Fosun Pharmaceutical,,,LCB-14,,"Gastrointestinal, stomach",II,,,,,,,,,,,,,,,,,,,,,,,,,,,,,,,,,,,,,
,Shanghai Fosun Pharmaceutical,,,LCB-14,,"Lung, NSCLC",II,,,,,,,,,,,,,,,,,,,,,,,,,,,,,,,,,,,,,
,Shanghai Fosun Pharmaceutical,,,LCB-14,,"Solid, unspecified",II,,,,,,,,,,,,,,,,,,,,,,,,,,,,,,,,,,,,,
,J&J,,,LCB-84,,"Haemotological, unspecified",II,,,,,,,,,,,,,,,,,,,,,,,,,,,,,,,,,,,,,
,J&J,,,LCB-84,,"Solid, unspecified",II,,,,,,,,,,,,,,,,,,,,,,,,,,,,,,,,,,,,,
,LigaChem Biosciences,,,LCB-84,,"Solid, unspecified",II,,,,,,,,,,,,,,,,,,,,,,,,,,,,,,,,,,,,,
,Bristol-Myers Squibb,,,LM-302,,"Solid, unspecified",II,,,,,,,,,,,,,,,,,,,,,,,,,,,,,,,,,,,,,
,LaNova Medicines,,,LM-302,,Biliary,II,,,,,,,,,,,,,,,,,,,,,,,,,,,,,,,,,,,,,
,LaNova Medicines,,,LM-302,,"Gastrointestinal, stomach",III,,,,,,,,,,,,,,,,,,,,,,,,,,,,,,,,,,,,,
,LaNova Medicines,,,LM-302,,Gastro-oesophageal junction,III,,,,,,,,,,,,,,,,,,,,,,,,,,,,,,,,,,,,,
,LaNova Medicines,,,LM-302,,Pancreatic,II,,,,,,,,,,,,,,,,,,,,,,,,,,,,,,,,,,,,,
,LaNova Medicines,,,LM-302,,"Solid, unspecified",II,,,,,,,,,,,,,,,,,,,,,,,,,,,,,,,,,,,,,
,LigaChem Biosciences,,,LNCB-74,,"Solid, unspecified",I,,,,,,,,,,,,,,,,,,,,,,,,,,,,,,,,,,,,,
,NextCure,,,LNCB-74,,"Solid, unspecified",I,,,,,,,,,,,,,,,,,,,,,,,,,,,,,,,,,,,,,
,ADC Therapeutics,,,Loncastuximab tesirine,,"Lymphoma, B-cell, diffuse large ",Launched,,,,,,,,,,,,,,,,,,,,,,,,,,,,,,,,,,,,,
,ADC Therapeutics,,,Loncastuximab tesirine,,"Lymphoma, B-cell, marginal zone",II,,,,,,,,,,,,,,,,,,,,,,,,,,,,,,,,,,,,,
,ADC Therapeutics,,,Loncastuximab tesirine,,"Lymphoma, follcular",II,,,,,,,,,,,,,,,,,,,,,,,,,,,,,,,,,,,,,
,Mitsubishi Chemical,,,Loncastuximab tesirine,,"Lymphoma, B-cell, diffuse large ",III,,,,,,,,,,,,,,,,,,,,,,,,,,,,,,,,,,,,,
,Overland ADCT BioPharma,,,Loncastuximab tesirine,,"Lymphoma, B-cell, diffuse large ",Pre-registration,,,,,,,,,,,,,,,,,,,,,,,,,,,,,,,,,,,,,
,Overland ADCT BioPharma,,,Loncastuximab tesirine,,"Lymphoma, mantle cell",II,,,,,,,,,,,,,,,,,,,,,,,,,,,,,,,,,,,,,
,Sobi,,,Loncastuximab tesirine,,"Lymphoma, B-cell, diffuse large ",Launched,,,,,,,,,,,,,,,,,,,,,,,,,,,,,,,,,,,,,
,Laboratoires Pierre Fabre,,,Lonigutamab ugodotin,,IGF‑1R / MMAE,Phase I – advanced solid tumors,,,,,,,,,,,,,,,,,,,,,,,,,,,,,,,,,,,,,
,Eli Lilly,,,LY-4052031,,Bladder,I,,,,,,,,,,,,,,,,,,,,,,,,,,,,,,,,,,,,,
,Eli Lilly,,,LY-4052031,,"Solid, unspecified",I,,,,,,,,,,,,,,,,,,,,,,,,,,,,,,,,,,,,,
,Merck & Co.,,,M-3554,,"Solid, unspecified",I,,,,,,,,,,,,,,,,,,,,,,,,,,,,,,,,,,,,,
,Merck KGaA,,,M-9140,,Colorectal,I,,,,,,,,,,,,,,,,,,,,,,,,,,,,,,,,,,,,,
,Merck KGaA,,,M-9140,,"Solid, unspecified",I,,,,,,,,,,,,,,,,,,,,,,,,,,,,,,,,,,,,,
,Eli Lilly,,,MBK-103,,"Solid, unspecified",I,,,,,,,,,,,,,,,,,,,,,,,,,,,,,,,,,,,,,
,Mbrace Therapeutics,,,MBRC-101,,"Solid, unspecified",I,,,,,,,,,,,,,,,,,,,,,,,,,,,,,,,,,,,,,
,BioAtla,,,Mecbotamab vedotin,,"Lung, NSCLC",II,,,,,,,,,,,,,,,,,,,,,,,,,,,,,,,,,,,,,
,BioAtla,,,Mecbotamab vedotin,,Ovarian,II,,,,,,,,,,,,,,,,,,,,,,,,,,,,,,,,,,,,,
,BioAtla,,,Mecbotamab vedotin,,Pancreatic,II,,,,,,,,,,,,,,,,,,,,,,,,,,,,,,,,,,,,,
,BioAtla,,,Mecbotamab vedotin,,Prostate,II,,,,,,,,,,,,,,,,,,,,,,,,,,,,,,,,,,,,,
,BioAtla,,,Mecbotamab vedotin,,"Sarcoma, osteo",II,,,,,,,,,,,,,,,,,,,,,,,,,,,,,,,,,,,,,
,BioAtla,,,Mecbotamab vedotin,,"Sarcoma, soft tissue",II,,,,,,,,,,,,,,,,,,,,,,,,,,,,,,,,,,,,,
,BioAtla,,,Mecbotamab vedotin,,"Solid, unspecified",II,,,,,,,,,,,,,,,,,,,,,,,,,,,,,,,,,,,,,
,MacroGenics,,,MGC-026,,"Solid, unspecified",I,,,,,,,,,,,,,,,,,,,,,,,,,,,,,,,,,,,,,
,MacroGenics,,,MGC-028,,"Solid, unspecified",I,,,,,,,,,,,,,,,,,,,,,,,,,,,,,,,,,,,,,
,Shanghai Minghui Pharmaceutical,,,MHB-036C,,"Solid, unspecified",II,,,,,,,,,,,,,,,,,,,,,,,,,,,,,,,,,,,,,
,Shanghai Minghui Pharmaceutical,,,MHB-088C,,"Solid, unspecified",II,,,,,,,,,,,,,,,,,,,,,,,,,,,,,,,,,,,,,
,Pfizer,,,Micvotabart pelidotin (MICVO) (PYX-201),,"Solid, unspecified",II,,,,,,,,,,,,,,,,,,,,,,,,,,,,,,,,,,,,,
,Pyxis Oncology,,,Micvotabart pelidotin (MICVO) (PYX-201),,Head & neck,II,,,,,,,,,,,,,,,,,,,,,,,,,,,,,,,,,,,,,
,Pyxis Oncology,,,Micvotabart pelidotin (MICVO) (PYX-201),,"Solid, unspecified",II,,,,,,,,,,,,,,,,,,,,,,,,,,,,,,,,,,,,,
,AbbVie,,,Mirvetuximab soravtansine (Elhare),,Endometrial,III,,,,,,,,,,,,,,,,,,,,,,,,,,,,,,,,,,,,,
,AbbVie,,,Mirvetuximab soravtansine (Elhare),,Fallopian tube,Launched,,,,,,,,,,,,,,,,,,,,,,,,,,,,,,,,,,,,,
,AbbVie,,,Mirvetuximab soravtansine (Elhare),,Ovarian,Launched,,,,,,,,,,,,,,,,,,,,,,,,,,,,,,,,,,,,,
,AbbVie,,,Mirvetuximab soravtansine (Elhare),,Peritoneal,Launched,,,,,,,,,,,,,,,,,,,,,,,,,,,,,,,,,,,,,
,AbbVie,,,Mirvetuximab soravtansine (Elhare),,"Solid, unspecified",I,,,,,,,,,,,,,,,,,,,,,,,,,,,,,,,,,,,,,
,Huadong medicine,,,Mirvetuximab soravtansine (Elhare),,Ovarian,Pre-registration,,,,,,,,,,,,,,,,,,,,,,,,,,,,,,,,,,,,,
,Takeda,,,Mirvetuximab soravtansine (Elhare),,Ovarian,II,,,,,,,,,,,,,,,,,,,,,,,,,,,,,,,,,,,,,
,Takeda,,,Mirvetuximab soravtansine (Elhare),,"Solid, unspecified",II,,,,,,,,,,,,,,,,,,,,,,,,,,,,,,,,,,,,,
,Lepu Bipharma,,,MRG-001,,"Lymphoma, Non-Hodkin's ",I,,,,,,,,,,,,,,,,,,,,,,,,,,,,,,,,,,,,,
,Lepu Bipharma,,,MRG-003 (Becotatug vedotin),,Biliary,II,,,,,,,,,,,,,,,,,,,,,,,,,,,,,,,,,,,,,
,Lepu Bipharma,,,MRG-003 (Becotatug vedotin),,"Gastrointestinal, stomach",II,,,,,,,,,,,,,,,,,,,,,,,,,,,,,,,,,,,,,
,Lepu Bipharma,,,MRG-003 (Becotatug vedotin),,Head & neck,III,,,,,,,,,,,,,,,,,,,,,,,,,,,,,,,,,,,,,
,Lepu Bipharma,,,MRG-003 (Becotatug vedotin),,"Lung, NSCLC",II,,,,,,,,,,,,,,,,,,,,,,,,,,,,,,,,,,,,,
,Lepu Bipharma,,,MRG-003 (Becotatug vedotin),,Nasopharyngeal,Pre-registration,,,,,,,,,,,,,,,,,,,,,,,,,,,,,,,,,,,,,
,Lepu Bipharma,,,MRG-003 (Becotatug vedotin),,"Solid, unspecified",II,,,,,,,,,,,,,,,,,,,,,,,,,,,,,,,,,,,,,
,Lepu Bipharma,,,MRG-004,,"Solid, unspecified",II,,,,,,,,,,,,,,,,,,,,,,,,,,,,,,,,,,,,,
,Lepu Bipharma,,,MRG-006,,Liver,II,,,,,,,,,,,,,,,,,,,,,,,,,,,,,,,,,,,,,
,Lepu Bipharma,,,MRG-006,,"Lung, NSCLC",II,,,,,,,,,,,,,,,,,,,,,,,,,,,,,,,,,,,,,
,Lepu Bipharma,,,MRG-006,,"Solid, unspecified",II,,,,,,,,,,,,,,,,,,,,,,,,,,,,,,,,,,,,,
,Day One Bipharmaceuticals,,,MTX-13,,"Solid, unspecified",I,,,,,,,,,,,,,,,,,,,,,,,,,,,,,,,,,,,,,
,Mythic Therapeutics,,,MYTX-011,,"Lung, NSCLC",I,,,,,,,,,,,,,,,,,,,,,,,,,,,,,,,,,,,,,
,Sorrento Therapeutics,,,"Nab-paclitaxel, ADNAB",,Endometrial,I,,,,,,,,,,,,,,,,,,,,,,,,,,,,,,,,,,,,,
,Sorrento Therapeutics,,,"Nab-paclitaxel, ADNAB",,Ovarian,I,,,,,,,,,,,,,,,,,,,,,,,,,,,,,,,,,,,,,
,Debiopharm,,,Naratuximab emtansine,,"Lymphoma, B-cell, diffuse large ",II,,,,,,,,,,,,,,,,,,,,,,,,,,,,,,,,,,,,,
,Debiopharm,,,Naratuximab emtansine,,"Lymphoma, follcular",II,,,,,,,,,,,,,,,,,,,,,,,,,,,,,,,,,,,,,
,Debiopharm,,,Naratuximab emtansine,,"Lymphoma, Non-Hodkin's ",II,,,,,,,,,,,,,,,,,,,,,,,,,,,,,,,,,,,,,
,NewBio Therapeutics,,,NBT-508,,"Lymphoma, B-cell",I,,,,,,,,,,,,,,,,,,,,,,,,,,,,,,,,,,,,,
,Novacyte Therapeutics,,,NC-18,,"Solid, unspecified",I,,,,,,,,,,,,,,,,,,,,,,,,,,,,,,,,,,,,,
,Iksuda Therapeutics,,,NI-2201,,"Lymphoma, Non-Hodkin's ",I,,,,,,,,,,,,,,,,,,,,,,,,,,,,,,,,,,,,,
,Novelty Nobility,,,NN-3201,,"Solid, unspecified",I,,,,,,,,,,,,,,,,,,,,,,,,,,,,,,,,,,,,,
,Agenus,,,Oberotatug ravtansine,,Ovarian,I,,,,,,,,,,,,,,,,,,,,,,,,,,,,,,,,,,,,,
,Menarini Group,,,Oberotatug ravtansine,,"Solid, unspecified",I,,,,,,,,,,,,,,,,,,,,,,,,,,,,,,,,,,,,,
,Oxford BioTherapeutics,,,Oberotatug ravtansine,,Adenoid cystic carcinoma,I,,,,,,,,,,,,,,,,,,,,,,,,,,,,,,,,,,,,,
,Oxford BioTherapeutics,,,Oberotatug ravtansine,,Breast,I,,,,,,,,,,,,,,,,,,,,,,,,,,,,,,,,,,,,,
,Oxford BioTherapeutics,,,Oberotatug ravtansine,,Endometrial,I,,,,,,,,,,,,,,,,,,,,,,,,,,,,,,,,,,,,,
,Oxford BioTherapeutics,,,Oberotatug ravtansine,,"Gastrointestinal, stomach",I,,,,,,,,,,,,,,,,,,,,,,,,,,,,,,,,,,,,,
,Oxford BioTherapeutics,,,Oberotatug ravtansine,,"Lung, NSCLC",I,,,,,,,,,,,,,,,,,,,,,,,,,,,,,,,,,,,,,
,Oxford BioTherapeutics,,,Oberotatug ravtansine,,"Solid, unspecified",I,,,,,,,,,,,,,,,,,,,,,,,,,,,,,,,,,,,,,
,InxMed,,,OMTX-705,,"Solid, unspecified",I,,,,,,,,,,,,,,,,,,,,,,,,,,,,,,,,,,,,,
,Oncomatryx,,,OMTX-705,,"Solid, unspecified",I,,,,,,,,,,,,,,,,,,,,,,,,,,,,,,,,,,,,,
,Oqory,,,OQY-6129,,"Lung, NSCLC",I,,,,,,,,,,,,,,,,,,,,,,,,,,,,,,,,,,,,,
,Oqory,,,OQY-6129,,"Lung, small cell",I,,,,,,,,,,,,,,,,,,,,,,,,,,,,,,,,,,,,,
,Oqory,,,OQY-6129,,Myeloma,I,,,,,,,,,,,,,,,,,,,,,,,,,,,,,,,,,,,,,
,Bristol-Myers Squibb,,,ORM-6151,,"Leukaemia, acute myelogenous",I,,,,,,,,,,,,,,,,,,,,,,,,,,,,,,,,,,,,,
,Bristol-Myers Squibb,,,ORM-6151,,Myelodysplastic syndrome,I,,,,,,,,,,,,,,,,,,,,,,,,,,,,,,,,,,,,,
,BioAtla,,,Ozuriftamab vedotin,,Breast,II,,,,,,,,,,,,,,,,,,,,,,,,,,,,,,,,,,,,,
,BioAtla,,,Ozuriftamab vedotin,,Head & neck,II,,,,,,,,,,,,,,,,,,,,,,,,,,,,,,,,,,,,,
,BioAtla,,,Ozuriftamab vedotin,,"Lung, NSCLC",II,,,,,,,,,,,,,,,,,,,,,,,,,,,,,,,,,,,,,
,BioAtla,,,Ozuriftamab vedotin,,Melanoma,II,,,,,,,,,,,,,,,,,,,,,,,,,,,,,,,,,,,,,
,BioAtla,,,Ozuriftamab vedotin,,Ovarian,II,,,,,,,,,,,,,,,,,,,,,,,,,,,,,,,,,,,,,
,BioAtla,,,Ozuriftamab vedotin,,"Solid, unspecified",II,,,,,,,,,,,,,,,,,,,,,,,,,,,,,,,,,,,,,
,Himalaya Therapeutics,,,Ozuriftamab vedotin,,"Lung, NSCLC",II,,,,,,,,,,,,,,,,,,,,,,,,,,,,,,,,,,,,,
,Himalaya Therapeutics,,,Ozuriftamab vedotin,,Melanoma,II,,,,,,,,,,,,,,,,,,,,,,,,,,,,,,,,,,,,,
,Daiichi Sankyo,,,Patritumab deruxtecan,,Breast,II,,,,,,,,,,,,,,,,,,,,,,,,,,,,,,,,,,,,,
,Daiichi Sankyo,,,Patritumab deruxtecan,,"Gastrointestinal, stomach",II,,,,,,,,,,,,,,,,,,,,,,,,,,,,,,,,,,,,,
,Daiichi Sankyo,,,Patritumab deruxtecan,,"Lung, NSCLC",Pre-registration,,,,,,,,,,,,,,,,,,,,,,,,,,,,,,,,,,,,,
,Daiichi Sankyo,,,Patritumab deruxtecan,,"Solid, unspecified",II,,,,,,,,,,,,,,,,,,,,,,,,,,,,,,,,,,,,,
,Merck,,,Patritumab deruxtecan*,,HER3‑DXd,Late‑stage lung cancer (withdrawn),,,,,,,,,,,,,,,,,,,,,,,,,,,,,,,,,,,,,
,AbbVie,,,Pivekimab sunirine,,"Leukaemia, acute lymphocytic",II,,,,,,,,,,,,,,,,,,,,,,,,,,,,,,,,,,,,,
,AbbVie,,,Pivekimab sunirine,,"Leukaemia, acute myelogenous",II,,,,,,,,,,,,,,,,,,,,,,,,,,,,,,,,,,,,,
,AbbVie,,,Pivekimab sunirine,,"Neoplasm, blastic plasmacytoid dendritic cell",,,,,,,,,,,,,,,,,,,,,,,,,,,,,,,,,,,,,,
,"ImmunoGen, Inc.",,,Pivekimab sunirine (IMGN-632),,CD123,Phase II BPDCN (breakthrough),,,,,,,,,,,,,,,,,,,,,,,,,,,,,,,,,,,,,
,Roche,,,Polatuzumab vedotin,,"Lymphoma, B-cell",II,,,,,,,,,,,,,,,,,,,,,,,,,,,,,,,,,,,,,
,Roche,,,Polatuzumab vedotin,,"Lymphoma, B-cell, diffuse large ",Launched,,,,,,,,,,,,,,,,,,,,,,,,,,,,,,,,,,,,,
,Roche,,,Polatuzumab vedotin,,"Lymphoma, Non-Hodkin's ",III,,,,,,,,,,,,,,,,,,,,,,,,,,,,,,,,,,,,,
,Genmab/ProfoundBio,,,PRO1107,,,I/II,,,,,,,,,,,,,,,,,,,,,,,,,,,,,,,,,,,,,
,Genmab/ProfoundBio,,,PRO1160,,,I,,,,,,,,,,,,,,,,,,,,,,,,,,,,,,,,,,,,,
,Genmab/ProfoundBio,,,PRO1286,,,Preclinical,,,,,,,,,,,,,,,,,,,,,,,,,,,,,,,,,,,,,
,AstraZeneca,,,Puxitatug samrotecan,,Biliary,II,,,,,,,,,,,,,,,,,,,,,,,,,,,,,,,,,,,,,
,AstraZeneca,,,Puxitatug samrotecan,,Breast,II,,,,,,,,,,,,,,,,,,,,,,,,,,,,,,,,,,,,,
,AstraZeneca,,,Puxitatug samrotecan,,Endometrial,II,,,,,,,,,,,,,,,,,,,,,,,,,,,,,,,,,,,,,
,AstraZeneca,,,Puxitatug samrotecan,,Ovarian,II,,,,,,,,,,,,,,,,,,,,,,,,,,,,,,,,,,,,,
,AstraZeneca,,,Puxitatug samrotecan,,"Solid, unspecified",II,,,,,,,,,,,,,,,,,,,,,,,,,,,,,,,,,,,,,
,Daiichi Sankyo,,,Raludotatug deruxtecan,,Fallopian tube,III,,,,,,,,,,,,,,,,,,,,,,,,,,,,,,,,,,,,,
,Daiichi Sankyo,,,Raludotatug deruxtecan,,"Gastrointestinal, stomach",II,,,,,,,,,,,,,,,,,,,,,,,,,,,,,,,,,,,,,
,Daiichi Sankyo,,,Raludotatug deruxtecan,,Ovarian,III,,,,,,,,,,,,,,,,,,,,,,,,,,,,,,,,,,,,,
,Daiichi Sankyo,,,Raludotatug deruxtecan,,Peritoneal,III,,,,,,,,,,,,,,,,,,,,,,,,,,,,,,,,,,,,,
,Daiichi Sankyo,,,Raludotatug deruxtecan,,"Solid, unspecified",II,,,,,,,,,,,,,,,,,,,,,,,,,,,,,,,,,,,,,
,RemeGen,,,RC-108,,Biliary,II,,,,,,,,,,,,,,,,,,,,,,,,,,,,,,,,,,,,,
,RemeGen,,,RC-108,,Colorectal,II,,,,,,,,,,,,,,,,,,,,,,,,,,,,,,,,,,,,,
,RemeGen,,,RC-108,,Gas,II,,,,,,,,,,,,,,,,,,,,,,,,,,,,,,,,,,,,,
,RemeGen,,,RC-108,,Liver,II,,,,,,,,,,,,,,,,,,,,,,,,,,,,,,,,,,,,,
,RemeGen,,,RC-108,,"Lung, NSCLC",II,,,,,,,,,,,,,,,,,,,,,,,,,,,,,,,,,,,,,
,RemeGen,,,RC-108,,Gastro-oesophageal junction,II,,,,,,,,,,,,,,,,,,,,,,,,,,,,,,,,,,,,,
,RemeGen,,,RC-108,,Pancreatic,II,,,,,,,,,,,,,,,,,,,,,,,,,,,,,,,,,,,,,
,RemeGen,,,RC-118,,"Solid, unspecified",II,,,,,,,,,,,,,,,,,,,,,,,,,,,,,,,,,,,,,
,RemeGen,,,RC-88,,Cervical,II,,,,,,,,,,,,,,,,,,,,,,,,,,,,,,,,,,,,,
,RemeGen,,,RC-88,,Fallopian tube,II,,,,,,,,,,,,,,,,,,,,,,,,,,,,,,,,,,,,,
,RemeGen,,,RC-88,,"Lung, NSCLC",II,,,,,,,,,,,,,,,,,,,,,,,,,,,,,,,,,,,,,
,RemeGen,,,RC-88,,Ovarian,II,,,,,,,,,,,,,,,,,,,,,,,,,,,,,,,,,,,,,
,RemeGen,,,RC-88,,Peritoneal,II,,,,,,,,,,,,,,,,,,,,,,,,,,,,,,,,,,,,,
,RemeGen,,,RC-88,,"Solid, unspecified",II,,,,,,,,,,,,,,,,,,,,,,,,,,,,,,,,,,,,,
,RemeGen,,,RC-48,,,III ,,,,,,,,,,,,,,,,,,,,,,,,,,,,,,,,,,,,,
,Genmab,,,Rinatabart sesutecan,,Breast,II,,,,,,,,,,,,,,,,,,,,,,,,,,,,,,,,,,,,,
,Genmab,,,Rinatabart sesutecan,,Endometrial,II,,,,,,,,,,,,,,,,,,,,,,,,,,,,,,,,,,,,,
,Genmab,,,Rinatabart sesutecan,,"Lung, NSCLC",II,,,,,,,,,,,,,,,,,,,,,,,,,,,,,,,,,,,,,
,Genmab,,,Rinatabart sesutecan,,Mesothelioma,II,,,,,,,,,,,,,,,,,,,,,,,,,,,,,,,,,,,,,
,Genmab,,,Rinatabart sesutecan,,Ovarian,III,,,,,,,,,,,,,,,,,,,,,,,,,,,,,,,,,,,,,
,Genmab,,,Rinatabart sesutecan,,"Solid, unspecified",II,,,,,,,,,,,,,,,,,,,,,,,,,,,,,,,,,,,,,
,ProfoundBio,,,Rinatabart Sesutecan (Rina‑S) ,,"varian, endometrial, breast, NSCLC, and mesothelioma patients",Phase I/II ,,,,,,,,,,,,,,,,,,,,,,,,,,,,,,,,,,,,,
,Ryvu Therapeutics,,,RVU305,,,,,,,,,,,,,,,,,,,,,,,,,,,,,,,,,,,,,,,,
,Servier,,,S-227928,,"Leukaemia, acute myelogenous",II,,,,,,,,,,,,,,,,,,,,,,,,,,,,,,,,,,,,,
,Servier,,,S-227928,,"Leukaemia, chronic myelomonocytic",II,,,,,,,,,,,,,,,,,,,,,,,,,,,,,,,,,,,,,
,Servier,,,S-227928,,Myelodysplastic syndrome,II,,,,,,,,,,,,,,,,,,,,,,,,,,,,,,,,,,,,,
,Everest Medicines,,,Sacituzumab govitecan (Trodelvy),,Bladder,III,,,,,,,,,,,,,,,,,,,,,,,,,,,,,,,,,,,,,
,Everest Medicines,,,Sacituzumab govitecan (Trodelvy),,Breast,Registered,,,,,,,,,,,,,,,,,,,,,,,,,,,,,,,,,,,,,
,Gilead Sciences,,,Sacituzumab govitecan (Trodelvy),,Cervical,II,,,,,,,,,,,,,,,,,,,,,,,,,,,,,,,,,,,,,
,Gilead Sciences,,,Sacituzumab govitecan (Trodelvy),,Colorectal,II,,,,,,,,,,,,,,,,,,,,,,,,,,,,,,,,,,,,,
,Gilead Sciences,,,Sacituzumab govitecan (Trodelvy),,Endometrial,II,,,,,,,,,,,,,,,,,,,,,,,,,,,,,,,,,,,,,
,Gilead Sciences,,,Sacituzumab govitecan (Trodelvy),,"Gastrointestinal, stomach",II,,,,,,,,,,,,,,,,,,,,,,,,,,,,,,,,,,,,,
,Gilead Sciences,,,Sacituzumab govitecan (Trodelvy),,Head & neck,II,,,,,,,,,,,,,,,,,,,,,,,,,,,,,,,,,,,,,
,Gilead Sciences,,,Sacituzumab govitecan (Trodelvy),,Liver,II,,,,,,,,,,,,,,,,,,,,,,,,,,,,,,,,,,,,,
,Gilead Sciences,,,Sacituzumab govitecan (Trodelvy),,"Lung, NSCLC",III,,,,,,,,,,,,,,,,,,,,,,,,,,,,,,,,,,,,,
,Gilead Sciences,,,Sacituzumab govitecan (Trodelvy),,"Lung, small cell",III,,,,,,,,,,,,,,,,,,,,,,,,,,,,,,,,,,,,,
,Gilead Sciences,,,Sacituzumab govitecan (Trodelvy),,Gastro-oesophageal junction,II,,,,,,,,,,,,,,,,,,,,,,,,,,,,,,,,,,,,,
,Gilead Sciences,,,Sacituzumab govitecan (Trodelvy),,Ovarian,II,,,,,,,,,,,,,,,,,,,,,,,,,,,,,,,,,,,,,
,Gilead Sciences,,,Sacituzumab govitecan (Trodelvy),,Pancreatic,II,,,,,,,,,,,,,,,,,,,,,,,,,,,,,,,,,,,,,
,Gilead Sciences,,,Sacituzumab govitecan (Trodelvy),,Prostate,II,,,,,,,,,,,,,,,,,,,,,,,,,,,,,,,,,,,,,
,Gilead Sciences,,,Sacituzumab govitecan (Trodelvy),,Renal,II,,,,,,,,,,,,,,,,,,,,,,,,,,,,,,,,,,,,,
,Gilead Sciences,,,Sacituzumab govitecan (Trodelvy),,"Solid, unspecified",II,,,,,,,,,,,,,,,,,,,,,,,,,,,,,,,,,,,,,
,Kelun-Biotech,,,Sacituzumab tetbirotan (SKB-264),,,III ,,,,,,,,,,,,,,,,,,,,,,,,,,,,,,,,,,,,,
,Merck & Co.,,,Sacituzumab tirumotecan,,Bladder,II,,,,,,,,,,,,,,,,,,,,,,,,,,,,,,,,,,,,,
,Merck & Co.,,,Sacituzumab tirumotecan,,Breast,III,,,,,,,,,,,,,,,,,,,,,,,,,,,,,,,,,,,,,
,Merck & Co.,,,Sacituzumab tirumotecan,,Cervical,III,,,,,,,,,,,,,,,,,,,,,,,,,,,,,,,,,,,,,
,Merck & Co.,,,Sacituzumab tirumotecan,,Endometrial,III,,,,,,,,,,,,,,,,,,,,,,,,,,,,,,,,,,,,,
,Merck & Co.,,,Sacituzumab tirumotecan,,"Gastrointestinal, stomach",III,,,,,,,,,,,,,,,,,,,,,,,,,,,,,,,,,,,,,
,Merck & Co.,,,Sacituzumab tirumotecan,,Gastro-oesophageal junction,III,,,,,,,,,,,,,,,,,,,,,,,,,,,,,,,,,,,,,
,Merck & Co.,,,Sacituzumab tirumotecan,,"Lung, NSCLC",III,,,,,,,,,,,,,,,,,,,,,,,,,,,,,,,,,,,,,
,Pfizer,,,SAR-445953,,"Solid, unspecified",I,,,,,,,,,,,,,,,,,,,,,,,,,,,,,,,,,,,,,
,Sanofi,,,SAR-445953,,"Solid, unspecified",I,,,,,,,,,,,,,,,,,,,,,,,,,,,,,,,,,,,,,
,Hangzhou Sumgen Biotech,,,SG-2918,,Unspecified,I,,,,,,,,,,,,,,,,,,,,,,,,,,,,,,,,,,,,,
,Pfizer,,,SGN-35C,,"Lymphoma, anaplastic large cell",I,,,,,,,,,,,,,,,,,,,,,,,,,,,,,,,,,,,,,
,Pfizer,,,SGN-35C,,"Lymphoma, B-cell, diffuse large ",I,,,,,,,,,,,,,,,,,,,,,,,,,,,,,,,,,,,,,
,Pfizer,,,SGN-35C,,"Lymphoma, Hodgkin's",I,,,,,,,,,,,,,,,,,,,,,,,,,,,,,,,,,,,,,
,Pfizer,,,SGN-35C,,"Lymphoma, T-cell, peripheral",I,,,,,,,,,,,,,,,,,,,,,,,,,,,,,,,,,,,,,
,Pfizer,,,SGN-35T,,"Lymphoma, anaplastic large cell",I,,,,,,,,,,,,,,,,,,,,,,,,,,,,,,,,,,,,,
,Pfizer,,,SGN-35T,,"Lymphoma, B-cell, diffuse large ",I,,,,,,,,,,,,,,,,,,,,,,,,,,,,,,,,,,,,,
,Pfizer,,,SGN-35T,,"Lymphoma, Hodgkin's",I,,,,,,,,,,,,,,,,,,,,,,,,,,,,,,,,,,,,,
,Pfizer,,,SGN-35T,,"Lymphoma, Non-Hodkin's ",I,,,,,,,,,,,,,,,,,,,,,,,,,,,,,,,,,,,,,
,Pfizer,,,SGN-35T,,"Lymphoma, T-cell, cutaneous",I,,,,,,,,,,,,,,,,,,,,,,,,,,,,,,,,,,,,,
,Pfizer,,,SGN-35T,,"Lymphoma, T-cell, peripheral",I,,,,,,,,,,,,,,,,,,,,,,,,,,,,,,,,,,,,,
,Pfizer,,,SGN-PDL1V,,Head & neck,I,,,,,,,,,,,,,,,,,,,,,,,,,,,,,,,,,,,,,
,Pfizer,,,SGN-PDL1V,,"Lung, NSCLC",I,,,,,,,,,,,,,,,,,,,,,,,,,,,,,,,,,,,,,
,Pfizer,,,SGN-PDL1V,,"Solid, unspecified",I,,,,,,,,,,,,,,,,,,,,,,,,,,,,,,,,,,,,,
,IDEAYA Biosciences,,,SHR-4849,,"Neuroendocrine, unspecified",I,,,,,,,,,,,,,,,,,,,,,,,,,,,,,,,,,,,,,
,Jiangsu Hengrui Pharmaceuticals,,,SHR-4849,,"Lung, small cell",I,,,,,,,,,,,,,,,,,,,,,,,,,,,,,,,,,,,,,
,Jiangsu Hengrui Pharmaceuticals,,,SHR-4849,,"Solid, unspecified",I,,,,,,,,,,,,,,,,,,,,,,,,,,,,,,,,,,,,,
,Jiangsu Hengrui Pharmaceuticals,,,SHR-A1904,,Gastro-oesophageal junction,III,,,,,,,,,,,,,,,,,,,,,,,,,,,,,,,,,,,,,
,Jiangsu Hengrui Pharmaceuticals,,,SHR-A1904,,"Solid, unspecified",III,,,,,,,,,,,,,,,,,,,,,,,,,,,,,,,,,,,,,
,Jiangsu Hengrui Pharmaceuticals,,,SHR-A1921,,Ovarian,III,,,,,,,,,,,,,,,,,,,,,,,,,,,,,,,,,,,,,
,Jiangsu Hengrui Pharmaceuticals,,,SHR-A1921,,"Solid, unspecified",II,,,,,,,,,,,,,,,,,,,,,,,,,,,,,,,,,,,,,
,Jiangsu Hengrui Pharmaceuticals,,,SHR-A2009,,"Lung, NSCLC",III,,,,,,,,,,,,,,,,,,,,,,,,,,,,,,,,,,,,,
,Jiangsu Hengrui Pharmaceuticals,,,SHR-A2009,,"Solid, unspecified",II,,,,,,,,,,,,,,,,,,,,,,,,,,,,,,,,,,,,,
,Jiangsu Hengrui Pharmaceuticals,,,SHR-A2102,,Bladder,III,,,,,,,,,,,,,,,,,,,,,,,,,,,,,,,,,,,,,
,Jiangsu Hengrui Pharmaceuticals,,,SHR-A2102,,Cervical,II,,,,,,,,,,,,,,,,,,,,,,,,,,,,,,,,,,,,,
,Jiangsu Hengrui Pharmaceuticals,,,SHR-A2102,,Endometrial,II,,,,,,,,,,,,,,,,,,,,,,,,,,,,,,,,,,,,,
,Jiangsu Hengrui Pharmaceuticals,,,SHR-A2102,,"Lung, NSCLC",II,,,,,,,,,,,,,,,,,,,,,,,,,,,,,,,,,,,,,
,Jiangsu Hengrui Pharmaceuticals,,,SHR-A2102,,Gastro-oesophageal junction,II,,,,,,,,,,,,,,,,,,,,,,,,,,,,,,,,,,,,,
,Jiangsu Hengrui Pharmaceuticals,,,SHR-A2102,,Ovarian,II,,,,,,,,,,,,,,,,,,,,,,,,,,,,,,,,,,,,,
,Jiangsu Hengrui Pharmaceuticals,,,SHR-A2102,,"Solid, unspecified",II,,,,,,,,,,,,,,,,,,,,,,,,,,,,,,,,,,,,,
,Suzhou Suncadia Biopharmaceuticals,,,SHR‑1826,,,I,,,,,,,,,,,,,,,,,,,,,,,,,,,,,,,,,,,,,
,China National Pharmaceutical,,,SIBP-A13,,"Solid, unspecified",I,,,,,,,,,,,,,,,,,,,,,,,,,,,,,,,,,,,,,
,Pfizer,,,Sigvotatug vedotin,,"Lung, NSCLC",III,,,,,,,,,,,,,,,,,,,,,,,,,,,,,,,,,,,,,
,Simcere Pharmaceuticval Group,,,SIM-0505,,"Solid, unspecified",I,,,,,,,,,,,,,,,,,,,,,,,,,,,,,,,,,,,,,
,Merck & Co.,,,SKB-315,,"Solid, unspecified",II,,,,,,,,,,,,,,,,,,,,,,,,,,,,,,,,,,,,,
,Merck & Co.,,,SKB-410,,"Solid, unspecified",II,,,,,,,,,,,,,,,,,,,,,,,,,,,,,,,,,,,,,
,Chengdu Kelingyuan Pharmaceutical Technology,,,SMP-656,,"Solid, unspecified",I,,,,,,,,,,,,,,,,,,,,,,,,,,,,,,,,,,,,,
,SOTIO Biotech,,,SOT-109,,,Pre-Clinical,,,,,,,,,,,,,,,,,,,,,,,,,,,,,,,,,,,,,
,SOTIO Biotech,,,SOT102,,,Preclinical (IND planned ~Q4 2026),,,,,,,,,,,,,,,,,,,,,,,,,,,,,,,,,,,,,
,Sorrento Therapeutics,,,STI-6129,,Myeloma,II,,,,,,,,,,,,,,,,,,,,,,,,,,,,,,,,,,,,,
,Sutro Biopharma,,,STRO-003,,,Preclinical (IND planned 2025),,,,,,,,,,,,,,,,,,,,,,,,,,,,,,,,,,,,,
,Sutro Biopharma,,,STRO-006,,,Pre-Clinical,,,,,,,,,,,,,,,,,,,,,,,,,,,,,,,,,,,,,
,Sutro Biopharma,,,STRO‑004,,,Preclinical; IND H2 2025,,,,,,,,,,,,,,,,,,,,,,,,,,,,,,,,,,,,,
,Sutro Biopharma,,,STRO‑004 ,,,Preclinical; IND H2 2025,,,,,,,,,,,,,,,,,,,,,,,,,,,,,,,,,,,,,
,Byondis,,,SYD-3521,,"Solid, unspecified",I,,,,,,,,,,,,,,,,,,,,,,,,,,,,,,,,,,,,,
,Byondis,,,SYD-4413,,"Leukaemia, acute myelogenous",I,,,,,,,,,,,,,,,,,,,,,,,,,,,,,,,,,,,,,
,Byondis,,,SYD-4413,,Myelodysplastic syndrome,I,,,,,,,,,,,,,,,,,,,,,,,,,,,,,,,,,,,,,
,CSPC Pharmaceutical,,,SYS-6005,,"Solid, unspecified",I,,,,,,,,,,,,,,,,,,,,,,,,,,,,,,,,,,,,,
,Radiance Biopharma,,,SYS-6005,,"Haemotological, unspecified",I,,,,,,,,,,,,,,,,,,,,,,,,,,,,,,,,,,,,,
,CSPC Pharmaceutical,,,SYS-6040,,"Lung, small cell",I,,,,,,,,,,,,,,,,,,,,,,,,,,,,,,,,,,,,,
,CSPC Pharmaceutical,,,SYS-6040,,"Solid, unspecified",I,,,,,,,,,,,,,,,,,,,,,,,,,,,,,,,,,,,,,
,Tallac Therapeutics,,,TAC-001,,"Solid, unspecified",II,,,,,,,,,,,,,,,,,,,,,,,,,,,,,,,,,,,,,
,Tenboron,,,TB-0010,,Head & neck,I,,,,,,,,,,,,,,,,,,,,,,,,,,,,,,,,,,,,,
,AbbVie,,,Telisotuzumab adizutecan,,Colorectal,III,,,,,,,,,,,,,,,,,,,,,,,,,,,,,,,,,,,,,
,AbbVie,,,Telisotuzumab adizutecan,,"Gastrointestinal, stomach",II,,,,,,,,,,,,,,,,,,,,,,,,,,,,,,,,,,,,,
,AbbVie,,,Telisotuzumab adizutecan,,Gastro-oesophageal junction,II,,,,,,,,,,,,,,,,,,,,,,,,,,,,,,,,,,,,,
,AbbVie,,,Telisotuzumab adizutecan,,"Lung, NSCLC",II,,,,,,,,,,,,,,,,,,,,,,,,,,,,,,,,,,,,,
,AbbVie,,,Telisotuzumab adizutecan,,Oesophageal,II,,,,,,,,,,,,,,,,,,,,,,,,,,,,,,,,,,,,,
,AbbVie,,,Telisotuzumab adizutecan,,"Lung, NSCLC",Pre-registration,,,,,,,,,,,,,,,,,,,,,,,,,,,,,,,,,,,,,
,Tagworks Pharmaveuticals,,,TGW-101,,"Solid, unspecified",I,,,,,,,,,,,,,,,,,,,,,,,,,,,,,,,,,,,,,
,Genmab,,,Tisotumab vedotin,,Bladder,III,,,,,,,,,,,,,,,,,,,,,,,,,,,,,,,,,,,,,
,Genmab,,,Tisotumab vedotin,,Cervical,Launched,,,,,,,,,,,,,,,,,,,,,,,,,,,,,,,,,,,,,
,Genmab,,,Tisotumab vedotin,,Endometrial,II,,,,,,,,,,,,,,,,,,,,,,,,,,,,,,,,,,,,,
,Genmab,,,Tisotumab vedotin,,"Lung, NSCLC",II,,,,,,,,,,,,,,,,,,,,,,,,,,,,,,,,,,,,,
,Genmab,,,Tisotumab vedotin,,Oesophageal,II,,,,,,,,,,,,,,,,,,,,,,,,,,,,,,,,,,,,,
,Genmab,,,Tisotumab vedotin,,Ovarian,II,,,,,,,,,,,,,,,,,,,,,,,,,,,,,,,,,,,,,
,Genmab,,,Tisotumab vedotin,,Prostate,II,,,,,,,,,,,,,,,,,,,,,,,,,,,,,,,,,,,,,
,Genmab,,,Tisotumab vedotin,,"Solid, unspecified",II,,,,,,,,,,,,,,,,,,,,,,,,,,,,,,,,,,,,,
,Phrontline Biopharma,,,TJ102,,CDH6/FRα-positive tumors,Preclinical → Clinical,,,,,,,,,,,,,,,,,,,,,,,,,,,,,,,,,,,,,
,TORL Biotherapeutics,,,TORL-1-23,,Ovarian,II,,,,,,,,,,,,,,,,,,,,,,,,,,,,,,,,,,,,,
,TORL Biotherapeutics,,,TORL-2-307,,"Gastrointestinal, stomach",I,,,,,,,,,,,,,,,,,,,,,,,,,,,,,,,,,,,,,
,TORL Biotherapeutics,,,TORL-2-307,,Gastro-oesophageal junction,I,,,,,,,,,,,,,,,,,,,,,,,,,,,,,,,,,,,,,
,TORL Biotherapeutics,,,TORL-2-307,,Pancreatic,I,,,,,,,,,,,,,,,,,,,,,,,,,,,,,,,,,,,,,
,TORL Biotherapeutics,,,TORL-2-307,,"Solid, unspecified",I,,,,,,,,,,,,,,,,,,,,,,,,,,,,,,,,,,,,,
,TORL Biotherapeutics,,,TORL-3-600,,"Solid, unspecified",I,,,,,,,,,,,,,,,,,,,,,,,,,,,,,,,,,,,,,
,TORL Biotherapeutics,,,TORL-4-5--,,"Solid, unspecified",I,,,,,,,,,,,,,,,,,,,,,,,,,,,,,,,,,,,,,
,Sino Biopharmaceutical,,,TQB-2102,,Biliary,II,,,,,,,,,,,,,,,,,,,,,,,,,,,,,,,,,,,,,
,Sino Biopharmaceutical,,,TQB-2102,,Breast,III,,,,,,,,,,,,,,,,,,,,,,,,,,,,,,,,,,,,,
,Sino Biopharmaceutical,,,TQB-2102,,Fallopian tube,II,,,,,,,,,,,,,,,,,,,,,,,,,,,,,,,,,,,,,
,Sino Biopharmaceutical,,,TQB-2102,,Ovarian,II,,,,,,,,,,,,,,,,,,,,,,,,,,,,,,,,,,,,,
,Sino Biopharmaceutical,,,TQB-2102,,Peritoneal,II,,,,,,,,,,,,,,,,,,,,,,,,,,,,,,,,,,,,,
,Sino Biopharmaceutical,,,TQB-2103,,"Solid, unspecified",I,,,,,,,,,,,,,,,,,,,,,,,,,,,,,,,,,,,,,
,Alteogen,,,Trastuzumab,,Breast,I,,,,,,,,,,,,,,,,,,,,,,,,,,,,,,,,,,,,,
,Alteogen,,,Trastuzumab,,"Gastrointestinal, stomach",I,,,,,,,,,,,,,,,,,,,,,,,,,,,,,,,,,,,,,
,Sichuan Kelun Pharmaceutical,,,Trastuzumab Botidotin,,Breast,Pre-registration,,,,,,,,,,,,,,,,,,,,,,,,,,,,,,,,,,,,,
,Sichuan Kelun Pharmaceutical,,,Trastuzumab Botidotin,,"Solid, unspecified",II,,,,,,,,,,,,,,,,,,,,,,,,,,,,,,,,,,,,,
,Kelun-Biotech,,,Trastuzumab botisine (A166),,,III ,,,,,,,,,,,,,,,,,,,,,,,,,,,,,,,,,,,,,
,AstraZeneca,,,Trastuzumab deruxtecan,,Biliary,III,,,,,,,,,,,,,,,,,,,,,,,,,,,,,,,,,,,,,
,AstraZeneca,,,Trastuzumab deruxtecan,,Bladder,II,,,,,,,,,,,,,,,,,,,,,,,,,,,,,,,,,,,,,
,AstraZeneca,,,Trastuzumab deruxtecan,,Breast,Launched,,,,,,,,,,,,,,,,,,,,,,,,,,,,,,,,,,,,,
,AstraZeneca,,,Trastuzumab deruxtecan,,Colorectal,Registered,,,,,,,,,,,,,,,,,,,,,,,,,,,,,,,,,,,,,
,AstraZeneca,,,Trastuzumab deruxtecan,,Endometrial,II,,,,,,,,,,,,,,,,,,,,,,,,,,,,,,,,,,,,,
,AstraZeneca,,,Trastuzumab deruxtecan,,"Gastrointestinal, stomach",Launched,,,,,,,,,,,,,,,,,,,,,,,,,,,,,,,,,,,,,
,AstraZeneca,,,Trastuzumab deruxtecan,,Gastro-oesophageal junction,Launched,,,,,,,,,,,,,,,,,,,,,,,,,,,,,,,,,,,,,
,AstraZeneca,,,Trastuzumab deruxtecan,,"Lung, NSCLC",Registered,,,,,,,,,,,,,,,,,,,,,,,,,,,,,,,,,,,,,
,AstraZeneca,,,Trastuzumab deruxtecan,,Ovarian,II,,,,,,,,,,,,,,,,,,,,,,,,,,,,,,,,,,,,,
,AstraZeneca,,,Trastuzumab deruxtecan,,Pancreatic,II,,,,,,,,,,,,,,,,,,,,,,,,,,,,,,,,,,,,,
,AstraZeneca,,,Trastuzumab deruxtecan,,"Solid, unspecified",Registered,,,,,,,,,,,,,,,,,,,,,,,,,,,,,,,,,,,,,
,Byondis,,,Trastuzumab duocarmazine,,Breast,Pre-registration,,,,,,,,,,,,,,,,,,,,,,,,,,,,,,,,,,,,,
,Byondis,,,Trastuzumab duocarmazine,,Endometrial,II,,,,,,,,,,,,,,,,,,,,,,,,,,,,,,,,,,,,,
,AbbVie,,,Trastuzumab emtansine,,Breast,Launched,,,,,,,,,,,,,,,,,,,,,,,,,,,,,,,,,,,,,
,BioNTech,,,Trastuzumab pamirtecan,,Breast,III,,,,,,,,,,,,,,,,,,,,,,,,,,,,,,,,,,,,,
,BioNTech,,,Trastuzumab pamirtecan,,Endometrial,II,,,,,,,,,,,,,,,,,,,,,,,,,,,,,,,,,,,,,
,Jiangsu Hengrui Pharmaceuticals,,,Trastuzumab rezetecan,,Biliary,II,,,,,,,,,,,,,,,,,,,,,,,,,,,,,,,,,,,,,
,Jiangsu Hengrui Pharmaceuticals,,,Trastuzumab rezetecan,,Breast,III,,,,,,,,,,,,,,,,,,,,,,,,,,,,,,,,,,,,,
,Jiangsu Hengrui Pharmaceuticals,,,Trastuzumab rezetecan,,Colorectal,III,,,,,,,,,,,,,,,,,,,,,,,,,,,,,,,,,,,,,
,Jiangsu Hengrui Pharmaceuticals,,,Trastuzumab rezetecan,,Endometrial,II,,,,,,,,,,,,,,,,,,,,,,,,,,,,,,,,,,,,,
,Jiangsu Hengrui Pharmaceuticals,,,Trastuzumab rezetecan,,Fallopian tube,II,,,,,,,,,,,,,,,,,,,,,,,,,,,,,,,,,,,,,
,Jiangsu Hengrui Pharmaceuticals,,,Trastuzumab rezetecan,,"Gastrointestinal, stomach",III,,,,,,,,,,,,,,,,,,,,,,,,,,,,,,,,,,,,,
,Jiangsu Hengrui Pharmaceuticals,,,Trastuzumab rezetecan,,Peritoneal,II,,,,,,,,,,,,,,,,,,,,,,,,,,,,,,,,,,,,,
,Jiangsu Hengrui Pharmaceuticals,,,Trastuzumab rezetecan,,"Solid, unspecified",II,,,,,,,,,,,,,,,,,,,,,,,,,,,,,,,,,,,,,
,Jiangsu Hengrui Pharmaceuticals,,,Trastuzumab rezetecan,,Vaginal,II,,,,,,,,,,,,,,,,,,,,,,,,,,,,,,,,,,,,,
,Lepu Bipharma,,,Trastuzumab vedotin,,Biliary,II,,,,,,,,,,,,,,,,,,,,,,,,,,,,,,,,,,,,,
,Lepu Bipharma,,,Trastuzumab vedotin,,Bladder,III,,,,,,,,,,,,,,,,,,,,,,,,,,,,,,,,,,,,,
,Lepu Bipharma,,,Trastuzumab vedotin,,Breast,III,,,,,,,,,,,,,,,,,,,,,,,,,,,,,,,,,,,,,
,Lepu Bipharma,,,Trastuzumab vedotin,,"Gastrointestinal, stomach",II,,,,,,,,,,,,,,,,,,,,,,,,,,,,,,,,,,,,,
,Lepu Bipharma,,,Trastuzumab vedotin,,Gastro-oesophageal junction,II,,,,,,,,,,,,,,,,,,,,,,,,,,,,,,,,,,,,,
,Lepu Bipharma,,,Trastuzumab vedotin,,"Solid, unspecified",II,,,,,,,,,,,,,,,,,,,,,,,,,,,,,,,,,,,,,
,TORL Biotherapeutics,,,TROL-4-500,,Liver,I,,,,,,,,,,,,,,,,,,,,,,,,,,,,,,,,,,,,,
,Triphase Accelerator,,,TRPH-222,,"Lymphoma, B-cell, diffuse large ",I,,,,,,,,,,,,,,,,,,,,,,,,,,,,,,,,,,,,,
,Triphase Accelerator,,,TRPH-222,,"Lymphoma, Non-Hodkin's ",I,,,,,,,,,,,,,,,,,,,,,,,,,,,,,,,,,,,,,
,Zhejiang Teruisi Biopharma,,,TRS-005,,"Lymphoma, Non-Hodkin's ",I,,,,,,,,,,,,,,,,,,,,,,,,,,,,,,,,,,,,,
,Tubulis,,,TUB-040,,"Lung, NSCLC",II,,,,,,,,,,,,,,,,,,,,,,,,,,,,,,,,,,,,,
,Tubulis,,,TUB-040,,Ovarian,II,,,,,,,,,,,,,,,,,,,,,,,,,,,,,,,,,,,,,
,Tubulis,,,Tub‐030,,,Phase I/IIa—first patient dosed,,,,,,,,,,,,,,,,,,,,,,,,,,,,,,,,,,,,,
,Vincerx Pharma,,,VIP-943,,"Leuaemia, acute lymphocytic",I,,,,,,,,,,,,,,,,,,,,,,,,,,,,,,,,,,,,,
,Vincerx Pharma,,,VIP-943,,"Leukaemia, acute myelogenous",I,,,,,,,,,,,,,,,,,,,,,,,,,,,,,,,,,,,,,
,Vincerx Pharma,,,VIP-943,,Myelodysplastic syndrome,I,,,,,,,,,,,,,,,,,,,,,,,,,,,,,,,,,,,,,
,Exelixis,,,XB-010,,Breast,I,,,,,,,,,,,,,,,,,,,,,,,,,,,,,,,,,,,,,
,Exelixis,,,XB-010,,"Gastrointestinal, stomach",I,,,,,,,,,,,,,,,,,,,,,,,,,,,,,,,,,,,,,
,Exelixis,,,XB-010,,Head & neck,I,,,,,,,,,,,,,,,,,,,,,,,,,,,,,,,,,,,,,
,Exelixis,,,XB-010,,"Lung, NSCLC",I,,,,,,,,,,,,,,,,,,,,,,,,,,,,,,,,,,,,,
,Exelixis,,,XB-010,,"Solid, unspecified",I,,,,,,,,,,,,,,,,,,,,,,,,,,,,,,,,,,,,,
,Mersana Therapeutics,,,XMT-2056,,Breast,I,,,,,,,,,,,,,,,,,,,,,,,,,,,,,,,,,,,,,
,Mersana Therapeutics,,,XMT-2056,,Colorectal,I,,,,,,,,,,,,,,,,,,,,,,,,,,,,,,,,,,,,,
,Mersana Therapeutics,,,XMT-2056,,"Gastrointestinal, stomach",I,,,,,,,,,,,,,,,,,,,,,,,,,,,,,,,,,,,,,
,Mersana Therapeutics,,,XMT-2056,,"Lung, NSCLC",I,,,,,,,,,,,,,,,,,,,,,,,,,,,,,,,,,,,,,
,Mersana Therapeutics,,,XMT-2056,,"Solid, unspecified",I,,,,,,,,,,,,,,,,,,,,,,,,,,,,,,,,,,,,,
,Evopoint Biosciences,,,XNW-28012,,"Solid, unspecified",II,,,,,,,,,,,,,,,,,,,,,,,,,,,,,,,,,,,,,
,Biocytogen,,,YH-013,,"Solid, unspecified",I,,,,,,,,,,,,,,,,,,,,,,,,,,,,,,,,,,,,,
,Medilink Therapeutics ,,,YL-201,,Nasopharyngeal,III,,,,,,,,,,,,,,,,,,,,,,,,,,,,,,,,,,,,,
,Medilink Therapeutics ,,,YL-201,,Prostate,II,,,,,,,,,,,,,,,,,,,,,,,,,,,,,,,,,,,,,
,Medilink Therapeutics ,,,YL-201,,"Solid, unspecified",II,,,,,,,,,,,,,,,,,,,,,,,,,,,,,,,,,,,,,
,Medilink Therapeutics ,,,YL-201,,Breast,II,,,,,,,,,,,,,,,,,,,,,,,,,,,,,,,,,,,,,
,Medilink Therapeutics ,,,YL-202,,Breast,II,,,,,,,,,,,,,,,,,,,,,,,,,,,,,,,,,,,,,
,Medilink Therapeutics ,,,YL-202,,"Solid, unspecified",II,,,,,,,,,,,,,,,,,,,,,,,,,,,,,,,,,,,,,
,Medilink Therapeutics ,,,YL-205,,"Solid, unspecified",II,,,,,,,,,,,,,,,,,,,,,,,,,,,,,,,,,,,,,
,Medilink Therapeutics ,,,YL-211,,"Solid, unspecified",I,,,,,,,,,,,,,,,,,,,,,,,,,,,,,,,,,,,,,
,Merck & Co.,,,Zilovertamab vedotin,,Bladder,II,,,,,,,,,,,,,,,,,,,,,,,,,,,,,,,,,,,,,
,Merck & Co.,,,Zilovertamab vedotin,,Breast,II,,,,,,,,,,,,,,,,,,,,,,,,,,,,,,,,,,,,,
,Merck & Co.,,,Zilovertamab vedotin,,"Gastrointestinal, stomach",II,,,,,,,,,,,,,,,,,,,,,,,,,,,,,,,,,,,,,
,Merck & Co.,,,Zilovertamab vedotin,,"Haemotological, unspecified",II,,,,,,,,,,,,,,,,,,,,,,,,,,,,,,,,,,,,,
,Merck & Co.,,,Zilovertamab vedotin,,"Leuaemia, acute lymphocytic",II,,,,,,,,,,,,,,,,,,,,,,,,,,,,,,,,,,,,,
,Merck & Co.,,,Zilovertamab vedotin,,"Leukaemia, chronic lymphocytic",II,,,,,,,,,,,,,,,,,,,,,,,,,,,,,,,,,,,,,
,Merck & Co.,,,Zilovertamab vedotin,,"Lung, NSCLC",II,,,,,,,,,,,,,,,,,,,,,,,,,,,,,,,,,,,,,
,Merck & Co.,,,Zilovertamab vedotin,,"Lymphoma, B-cell, diffuse large ",III,,,,,,,,,,,,,,,,,,,,,,,,,,,,,,,,,,,,,
,Merck & Co.,,,Zilovertamab vedotin,,"Lymphoma, mantle cell",II,,,,,,,,,,,,,,,,,,,,,,,,,,,,,,,,,,,,,
,Merck & Co.,,,Zilovertamab vedotin,,Neuroblastoma,II,,,,,,,,,,,,,,,,,,,,,,,,,,,,,,,,,,,,,
,Merck & Co.,,,Zilovertamab vedotin,,Ovarian,II,,,,,,,,,,,,,,,,,,,,,,,,,,,,,,,,,,,,,
,Merck & Co.,,,Zilovertamab vedotin,,"Sarcvoma, Ewing's",II,,,,,,,,,,,,,,,,,,,,,,,,,,,,,,,,,,,,,
,Medlink Therapeutics,,,ZL-1310,,"Lung, NSCLC",I,,,,,,,,,,,,,,,,,,,,,,,,,,,,,,,,,,,,,
,Zymeworks,,,ZW-191,,Endometrial,I,,,,,,,,,,,,,,,,,,,,,,,,,,,,,,,,,,,,,
,Zymeworks,,,ZW-191,,"Lung, NSCLC",I,,,,,,,,,,,,,,,,,,,,,,,,,,,,,,,,,,,,,
,Zymeworks,,,ZW-191,,Ovarian,I,,,,,,,,,,,,,,,,,,,,,,,,,,,,,,,,,,,,,
,Zymeworks,,,ZW-191,,"Solid, unspecified",I,,,,,,,,,,,,,,,,,,,,,,,,,,,,,,,,,,,,,
,Zymeworks,,,ZW-220,,,Pre-Clinical,,,,,,,,,,,,,,,,,,,,,,,,,,,,,,,,,,,,,
,Zymeworks,,,ZW-251,,,Pre-Clinical,,,,,,,,,,,,,,,,,,,,,,,,,,,,,,,,,,,,,
,,,,SH-A1811,,,,,,,,,,,,,,,,,,,,,,,,,,,,,,,,,,,,,,,,
,,,,MRG-002,,,,,,,,,,,,,,,,,,,,,,,,,,,,,,,,,,,,,,,,
,,,,SYD-985,Vic-trastuzumab duocarmazine,,,,,,,,,,,,,,,,,,,,,,,,,,,,,,,,,,,,,,,
,,,,ARX788,,,,,,,,,,,,,,,,,,,,,,,,,,,,,,,,,,,,,,,,
,,,,BSI730,,,,,,,,,,,,,,,,,,,,,,,,,,,,,,,,,,,,,,,,
,,,,YH-012,,,,,,,,,,,,,,,,,,,,,,,,,,,,,,,,,,,,,,,,
,,,,GenSci139,,,,,,,,,,,,,,,,,,,,,,,,,,,,,,,,,,,,,,,,